match_id,inning,over,batter,bowler,runs
1,1,1,Rashid Khan,Mohammed Siraj,12
1,1,2,Pat Cummins,Rashid Khan,6
1,1,3,Yashasvi Jaiswal,Pat Cummins,13
1,1,4,Suryakumar Yadav,Jasprit Bumrah,7
1,1,5,Rohit Sharma,Mohammed Siraj,13
1,1,6,Rohit Sharma,Pat Cummins,10
1,1,7,Suryakumar Yadav,Jasprit Bumrah,8
1,1,8,Andre Russell,Arshdeep Singh,7
1,1,9,Yashasvi Jaiswal,Rashid Khan,5
1,1,10,Pat Cummins,Pat Cummins,11
1,1,11,Shreyas Iyer,Rashid Khan,11
1,1,12,Rashid Khan,Mohammed Siraj,7
1,1,13,Andre Russell,Jasprit Bumrah,14
1,1,14,MS Dhoni,Rashid Khan,10
1,1,15,Travis Head,Pat Cummins,6
1,1,16,MS Dhoni,Arshdeep Singh,8
1,1,17,Shreyas Iyer,Pat Cummins,3
1,1,18,Rishabh Pant,Mohammed Siraj,4
1,1,19,Shreyas Iyer,Pat Cummins,13
1,1,20,Pat Cummins,Jasprit Bumrah,9
1,2,1,Sanju Samson,Arshdeep Singh,13
1,2,2,Mohammed Siraj,Mohammed Siraj,3
1,2,3,Sanju Samson,Jasprit Bumrah,12
1,2,4,Rishabh Pant,Mohammed Siraj,13
1,2,5,KL Rahul,Jasprit Bumrah,13
1,2,6,Rohit Sharma,Jasprit Bumrah,5
1,2,7,Rashid Khan,Jasprit Bumrah,7
1,2,8,Sanju Samson,Pat Cummins,4
1,2,9,Travis Head,Arshdeep Singh,5
1,2,10,Mohammed Siraj,Arshdeep Singh,8
1,2,11,Suryakumar Yadav,Arshdeep Singh,12
1,2,12,Ruturaj Gaikwad,Arshdeep Singh,13
1,2,13,KL Rahul,Mohammed Siraj,12
1,2,14,Pat Cummins,Rashid Khan,3
1,2,15,Rishabh Pant,Rashid Khan,10
1,2,16,Ruturaj Gaikwad,Mohammed Siraj,8
1,2,17,Pat Cummins,Jasprit Bumrah,11
1,2,18,Shreyas Iyer,Rashid Khan,9
1,2,19,Rishabh Pant,Jasprit Bumrah,4
1,2,20,Yashasvi Jaiswal,Pat Cummins,13
2,1,1,Rohit Sharma,Mohammed Siraj,3
2,1,2,Suryakumar Yadav,Pat Cummins,6
2,1,3,MS Dhoni,Pat Cummins,6
2,1,4,Arshdeep Singh,Rashid Khan,6
2,1,5,Andre Russell,Rashid Khan,6
2,1,6,Virat Kohli,Mohammed Siraj,12
2,1,7,Suryakumar Yadav,Pat Cummins,5
2,1,8,Shubman Gill,Jasprit Bumrah,7
2,1,9,Virat Kohli,Rashid Khan,13
2,1,10,Pat Cummins,Rashid Khan,3
2,1,11,Andre Russell,Jasprit Bumrah,12
2,1,12,Shreyas Iyer,Jasprit Bumrah,5
2,1,13,KL Rahul,Pat Cummins,5
2,1,14,MS Dhoni,Arshdeep Singh,4
2,1,15,Pat Cummins,Pat Cummins,10
2,1,16,Ruturaj Gaikwad,Arshdeep Singh,12
2,1,17,Sanju Samson,Pat Cummins,11
2,1,18,Jasprit Bumrah,Mohammed Siraj,3
2,1,19,Virat Kohli,Jasprit Bumrah,10
2,1,20,Travis Head,Arshdeep Singh,10
2,2,1,Ruturaj Gaikwad,Arshdeep Singh,13
2,2,2,Rishabh Pant,Jasprit Bumrah,14
2,2,3,Andre Russell,Pat Cummins,4
2,2,4,MS Dhoni,Rashid Khan,5
2,2,5,Arshdeep Singh,Pat Cummins,7
2,2,6,Andre Russell,Arshdeep Singh,14
2,2,7,Jasprit Bumrah,Mohammed Siraj,12
2,2,8,Jasprit Bumrah,Pat Cummins,10
2,2,9,Ruturaj Gaikwad,Jasprit Bumrah,9
2,2,10,Mohammed Siraj,Rashid Khan,13
2,2,11,Rishabh Pant,Rashid Khan,9
2,2,12,Andre Russell,Arshdeep Singh,9
2,2,13,KL Rahul,Jasprit Bumrah,9
2,2,14,KL Rahul,Mohammed Siraj,8
2,2,15,Shreyas Iyer,Mohammed Siraj,13
2,2,16,Rashid Khan,Jasprit Bumrah,5
2,2,17,MS Dhoni,Jasprit Bumrah,4
2,2,18,Ruturaj Gaikwad,Mohammed Siraj,9
2,2,19,Mohammed Siraj,Jasprit Bumrah,5
2,2,20,Mohammed Siraj,Pat Cummins,12
3,1,1,Ruturaj Gaikwad,Arshdeep Singh,8
3,1,2,KL Rahul,Jasprit Bumrah,8
3,1,3,Rinku Singh,Mohammed Siraj,7
3,1,4,Arshdeep Singh,Pat Cummins,4
3,1,5,Suryakumar Yadav,Arshdeep Singh,6
3,1,6,Ruturaj Gaikwad,Mohammed Siraj,6
3,1,7,Pat Cummins,Jasprit Bumrah,11
3,1,8,Arshdeep Singh,Rashid Khan,7
3,1,9,Mohammed Siraj,Pat Cummins,9
3,1,10,Mohammed Siraj,Jasprit Bumrah,12
3,1,11,Shreyas Iyer,Jasprit Bumrah,12
3,1,12,Shreyas Iyer,Mohammed Siraj,5
3,1,13,Pat Cummins,Jasprit Bumrah,8
3,1,14,Suryakumar Yadav,Pat Cummins,5
3,1,15,Travis Head,Jasprit Bumrah,13
3,1,16,Virat Kohli,Jasprit Bumrah,5
3,1,17,Jasprit Bumrah,Rashid Khan,14
3,1,18,KL Rahul,Arshdeep Singh,9
3,1,19,Shubman Gill,Mohammed Siraj,8
3,1,20,Andre Russell,Pat Cummins,7
3,2,1,MS Dhoni,Jasprit Bumrah,12
3,2,2,Shubman Gill,Pat Cummins,5
3,2,3,MS Dhoni,Mohammed Siraj,3
3,2,4,KL Rahul,Arshdeep Singh,10
3,2,5,Rishabh Pant,Arshdeep Singh,12
3,2,6,Yashasvi Jaiswal,Pat Cummins,7
3,2,7,Pat Cummins,Arshdeep Singh,4
3,2,8,Rinku Singh,Pat Cummins,4
3,2,9,Jasprit Bumrah,Mohammed Siraj,10
3,2,10,Sanju Samson,Arshdeep Singh,3
3,2,11,Rohit Sharma,Jasprit Bumrah,12
3,2,12,Rinku Singh,Rashid Khan,6
3,2,13,Shreyas Iyer,Mohammed Siraj,5
3,2,14,Ruturaj Gaikwad,Jasprit Bumrah,8
3,2,15,KL Rahul,Rashid Khan,10
3,2,16,Travis Head,Pat Cummins,5
3,2,17,Sanju Samson,Pat Cummins,14
3,2,18,Pat Cummins,Jasprit Bumrah,11
3,2,19,Rohit Sharma,Arshdeep Singh,9
3,2,20,Rishabh Pant,Jasprit Bumrah,3
4,1,1,Arshdeep Singh,Arshdeep Singh,8
4,1,2,Travis Head,Arshdeep Singh,12
4,1,3,Ruturaj Gaikwad,Arshdeep Singh,7
4,1,4,Andre Russell,Rashid Khan,3
4,1,5,Rishabh Pant,Mohammed Siraj,12
4,1,6,KL Rahul,Jasprit Bumrah,4
4,1,7,KL Rahul,Pat Cummins,6
4,1,8,Jasprit Bumrah,Jasprit Bumrah,9
4,1,9,Rinku Singh,Mohammed Siraj,9
4,1,10,Andre Russell,Rashid Khan,6
4,1,11,Jasprit Bumrah,Jasprit Bumrah,4
4,1,12,Jasprit Bumrah,Rashid Khan,11
4,1,13,Pat Cummins,Rashid Khan,8
4,1,14,Ruturaj Gaikwad,Rashid Khan,6
4,1,15,Yashasvi Jaiswal,Rashid Khan,7
4,1,16,Suryakumar Yadav,Jasprit Bumrah,12
4,1,17,Rashid Khan,Arshdeep Singh,5
4,1,18,Arshdeep Singh,Arshdeep Singh,12
4,1,19,Arshdeep Singh,Pat Cummins,13
4,1,20,Andre Russell,Rashid Khan,8
4,2,1,MS Dhoni,Arshdeep Singh,10
4,2,2,Rinku Singh,Mohammed Siraj,10
4,2,3,Rohit Sharma,Mohammed Siraj,12
4,2,4,MS Dhoni,Mohammed Siraj,11
4,2,5,Rishabh Pant,Jasprit Bumrah,10
4,2,6,Pat Cummins,Mohammed Siraj,3
4,2,7,MS Dhoni,Pat Cummins,4
4,2,8,Jasprit Bumrah,Arshdeep Singh,12
4,2,9,Arshdeep Singh,Pat Cummins,10
4,2,10,Rohit Sharma,Arshdeep Singh,14
4,2,11,Yashasvi Jaiswal,Mohammed Siraj,12
4,2,12,Rashid Khan,Pat Cummins,12
4,2,13,Rohit Sharma,Arshdeep Singh,5
4,2,14,Andre Russell,Jasprit Bumrah,4
4,2,15,Shubman Gill,Jasprit Bumrah,11
4,2,16,Rishabh Pant,Arshdeep Singh,6
4,2,17,Jasprit Bumrah,Pat Cummins,11
4,2,18,Pat Cummins,Mohammed Siraj,5
4,2,19,Travis Head,Arshdeep Singh,7
4,2,20,Rohit Sharma,Mohammed Siraj,8
5,1,1,Andre Russell,Jasprit Bumrah,4
5,1,2,Travis Head,Mohammed Siraj,11
5,1,3,Suryakumar Yadav,Mohammed Siraj,7
5,1,4,Arshdeep Singh,Rashid Khan,4
5,1,5,Rinku Singh,Arshdeep Singh,8
5,1,6,MS Dhoni,Mohammed Siraj,5
5,1,7,Travis Head,Mohammed Siraj,11
5,1,8,Jasprit Bumrah,Jasprit Bumrah,5
5,1,9,KL Rahul,Pat Cummins,13
5,1,10,Virat Kohli,Mohammed Siraj,8
5,1,11,Shubman Gill,Rashid Khan,7
5,1,12,Rashid Khan,Rashid Khan,8
5,1,13,Suryakumar Yadav,Rashid Khan,6
5,1,14,Rinku Singh,Jasprit Bumrah,4
5,1,15,Mohammed Siraj,Pat Cummins,11
5,1,16,Andre Russell,Pat Cummins,3
5,1,17,Travis Head,Rashid Khan,5
5,1,18,Shubman Gill,Pat Cummins,5
5,1,19,Rishabh Pant,Jasprit Bumrah,5
5,1,20,Pat Cummins,Rashid Khan,9
5,2,1,Rinku Singh,Arshdeep Singh,10
5,2,2,Mohammed Siraj,Rashid Khan,6
5,2,3,Rashid Khan,Rashid Khan,7
5,2,4,Arshdeep Singh,Arshdeep Singh,8
5,2,5,Rinku Singh,Arshdeep Singh,10
5,2,6,Jasprit Bumrah,Arshdeep Singh,11
5,2,7,Yashasvi Jaiswal,Pat Cummins,5
5,2,8,Shreyas Iyer,Jasprit Bumrah,5
5,2,9,Rashid Khan,Mohammed Siraj,13
5,2,10,Ruturaj Gaikwad,Pat Cummins,11
5,2,11,Rinku Singh,Jasprit Bumrah,4
5,2,12,Shreyas Iyer,Arshdeep Singh,5
5,2,13,Suryakumar Yadav,Arshdeep Singh,11
5,2,14,Sanju Samson,Arshdeep Singh,4
5,2,15,Virat Kohli,Arshdeep Singh,8
5,2,16,Travis Head,Pat Cummins,3
5,2,17,Sanju Samson,Arshdeep Singh,8
5,2,18,Pat Cummins,Rashid Khan,4
5,2,19,Andre Russell,Jasprit Bumrah,3
5,2,20,Andre Russell,Rashid Khan,14
6,1,1,Rohit Sharma,Mohammed Siraj,5
6,1,2,Suryakumar Yadav,Arshdeep Singh,10
6,1,3,Virat Kohli,Jasprit Bumrah,10
6,1,4,Shreyas Iyer,Rashid Khan,3
6,1,5,Mohammed Siraj,Pat Cummins,5
6,1,6,KL Rahul,Jasprit Bumrah,11
6,1,7,Sanju Samson,Mohammed Siraj,7
6,1,8,Rohit Sharma,Rashid Khan,4
6,1,9,Rishabh Pant,Jasprit Bumrah,9
6,1,10,Rashid Khan,Pat Cummins,4
6,1,11,Virat Kohli,Pat Cummins,11
6,1,12,Sanju Samson,Rashid Khan,12
6,1,13,KL Rahul,Jasprit Bumrah,7
6,1,14,Pat Cummins,Rashid Khan,12
6,1,15,KL Rahul,Rashid Khan,12
6,1,16,MS Dhoni,Pat Cummins,13
6,1,17,MS Dhoni,Pat Cummins,8
6,1,18,Jasprit Bumrah,Pat Cummins,11
6,1,19,Virat Kohli,Arshdeep Singh,11
6,1,20,Rohit Sharma,Arshdeep Singh,10
6,2,1,Shreyas Iyer,Jasprit Bumrah,8
6,2,2,MS Dhoni,Mohammed Siraj,8
6,2,3,Ruturaj Gaikwad,Pat Cummins,6
6,2,4,Andre Russell,Rashid Khan,14
6,2,5,Pat Cummins,Pat Cummins,3
6,2,6,Shubman Gill,Arshdeep Singh,8
6,2,7,Rashid Khan,Rashid Khan,14
6,2,8,MS Dhoni,Arshdeep Singh,5
6,2,9,Rinku Singh,Rashid Khan,3
6,2,10,Yashasvi Jaiswal,Jasprit Bumrah,3
6,2,11,Rinku Singh,Pat Cummins,8
6,2,12,Mohammed Siraj,Arshdeep Singh,9
6,2,13,Rohit Sharma,Rashid Khan,7
6,2,14,Pat Cummins,Jasprit Bumrah,7
6,2,15,Andre Russell,Mohammed Siraj,13
6,2,16,Pat Cummins,Arshdeep Singh,4
6,2,17,Rishabh Pant,Arshdeep Singh,9
6,2,18,Shubman Gill,Arshdeep Singh,8
6,2,19,Rashid Khan,Mohammed Siraj,14
6,2,20,Shreyas Iyer,Jasprit Bumrah,11
7,1,1,KL Rahul,Jasprit Bumrah,14
7,1,2,Shubman Gill,Pat Cummins,9
7,1,3,Andre Russell,Jasprit Bumrah,7
7,1,4,Andre Russell,Mohammed Siraj,4
7,1,5,Rishabh Pant,Pat Cummins,7
7,1,6,KL Rahul,Rashid Khan,14
7,1,7,Rishabh Pant,Mohammed Siraj,14
7,1,8,Rohit Sharma,Mohammed Siraj,10
7,1,9,KL Rahul,Mohammed Siraj,12
7,1,10,Rohit Sharma,Jasprit Bumrah,13
7,1,11,Travis Head,Mohammed Siraj,13
7,1,12,Shubman Gill,Jasprit Bumrah,11
7,1,13,Rishabh Pant,Jasprit Bumrah,5
7,1,14,MS Dhoni,Rashid Khan,5
7,1,15,Pat Cummins,Mohammed Siraj,13
7,1,16,Arshdeep Singh,Jasprit Bumrah,9
7,1,17,Suryakumar Yadav,Arshdeep Singh,12
7,1,18,Pat Cummins,Arshdeep Singh,8
7,1,19,Arshdeep Singh,Rashid Khan,4
7,1,20,Pat Cummins,Arshdeep Singh,11
7,2,1,Shreyas Iyer,Rashid Khan,8
7,2,2,Virat Kohli,Rashid Khan,4
7,2,3,Jasprit Bumrah,Arshdeep Singh,10
7,2,4,Ruturaj Gaikwad,Mohammed Siraj,11
7,2,5,Rishabh Pant,Rashid Khan,7
7,2,6,Rinku Singh,Arshdeep Singh,12
7,2,7,Ruturaj Gaikwad,Rashid Khan,6
7,2,8,Rishabh Pant,Rashid Khan,4
7,2,9,Rishabh Pant,Jasprit Bumrah,14
7,2,10,Andre Russell,Mohammed Siraj,13
7,2,11,MS Dhoni,Pat Cummins,14
7,2,12,Rinku Singh,Mohammed Siraj,11
7,2,13,Shubman Gill,Mohammed Siraj,5
7,2,14,Sanju Samson,Jasprit Bumrah,11
7,2,15,Suryakumar Yadav,Rashid Khan,6
7,2,16,Virat Kohli,Mohammed Siraj,10
7,2,17,Arshdeep Singh,Mohammed Siraj,11
7,2,18,Mohammed Siraj,Rashid Khan,10
7,2,19,MS Dhoni,Jasprit Bumrah,12
7,2,20,Travis Head,Arshdeep Singh,7
8,1,1,KL Rahul,Arshdeep Singh,11
8,1,2,MS Dhoni,Rashid Khan,12
8,1,3,MS Dhoni,Arshdeep Singh,8
8,1,4,Jasprit Bumrah,Mohammed Siraj,10
8,1,5,Mohammed Siraj,Pat Cummins,5
8,1,6,Suryakumar Yadav,Arshdeep Singh,5
8,1,7,Rohit Sharma,Jasprit Bumrah,11
8,1,8,Suryakumar Yadav,Mohammed Siraj,11
8,1,9,Shubman Gill,Mohammed Siraj,5
8,1,10,Sanju Samson,Mohammed Siraj,14
8,1,11,Rinku Singh,Jasprit Bumrah,11
8,1,12,Yashasvi Jaiswal,Pat Cummins,7
8,1,13,Suryakumar Yadav,Mohammed Siraj,7
8,1,14,Mohammed Siraj,Jasprit Bumrah,12
8,1,15,Shubman Gill,Pat Cummins,11
8,1,16,Suryakumar Yadav,Rashid Khan,12
8,1,17,Andre Russell,Pat Cummins,13
8,1,18,Virat Kohli,Jasprit Bumrah,3
8,1,19,Arshdeep Singh,Mohammed Siraj,3
8,1,20,Yashasvi Jaiswal,Pat Cummins,13
8,2,1,Virat Kohli,Arshdeep Singh,9
8,2,2,Mohammed Siraj,Mohammed Siraj,13
8,2,3,Rinku Singh,Arshdeep Singh,13
8,2,4,Travis Head,Mohammed Siraj,6
8,2,5,MS Dhoni,Jasprit Bumrah,10
8,2,6,Rishabh Pant,Arshdeep Singh,5
8,2,7,Rishabh Pant,Rashid Khan,10
8,2,8,Suryakumar Yadav,Mohammed Siraj,8
8,2,9,Andre Russell,Mohammed Siraj,14
8,2,10,Suryakumar Yadav,Mohammed Siraj,9
8,2,11,Mohammed Siraj,Jasprit Bumrah,11
8,2,12,Sanju Samson,Arshdeep Singh,8
8,2,13,Shreyas Iyer,Arshdeep Singh,4
8,2,14,Suryakumar Yadav,Jasprit Bumrah,6
8,2,15,Rinku Singh,Arshdeep Singh,3
8,2,16,KL Rahul,Rashid Khan,12
8,2,17,Andre Russell,Pat Cummins,5
8,2,18,Andre Russell,Rashid Khan,14
8,2,19,Rashid Khan,Pat Cummins,5
8,2,20,Rashid Khan,Mohammed Siraj,10
9,1,1,Virat Kohli,Jasprit Bumrah,10
9,1,2,Jasprit Bumrah,Arshdeep Singh,9
9,1,3,Yashasvi Jaiswal,Pat Cummins,6
9,1,4,Rohit Sharma,Jasprit Bumrah,8
9,1,5,Rashid Khan,Pat Cummins,7
9,1,6,Rashid Khan,Mohammed Siraj,13
9,1,7,Virat Kohli,Jasprit Bumrah,11
9,1,8,Suryakumar Yadav,Mohammed Siraj,9
9,1,9,Pat Cummins,Arshdeep Singh,14
9,1,10,Rohit Sharma,Arshdeep Singh,8
9,1,11,Arshdeep Singh,Pat Cummins,3
9,1,12,Pat Cummins,Pat Cummins,6
9,1,13,MS Dhoni,Arshdeep Singh,7
9,1,14,Rishabh Pant,Pat Cummins,11
9,1,15,Ruturaj Gaikwad,Rashid Khan,7
9,1,16,Travis Head,Mohammed Siraj,4
9,1,17,Mohammed Siraj,Mohammed Siraj,8
9,1,18,Yashasvi Jaiswal,Pat Cummins,5
9,1,19,Travis Head,Pat Cummins,11
9,1,20,Rohit Sharma,Jasprit Bumrah,3
9,2,1,Andre Russell,Arshdeep Singh,5
9,2,2,Rishabh Pant,Rashid Khan,11
9,2,3,Jasprit Bumrah,Rashid Khan,12
9,2,4,Andre Russell,Rashid Khan,8
9,2,5,Rinku Singh,Pat Cummins,9
9,2,6,Jasprit Bumrah,Pat Cummins,8
9,2,7,Rashid Khan,Pat Cummins,11
9,2,8,Rashid Khan,Jasprit Bumrah,7
9,2,9,Andre Russell,Jasprit Bumrah,8
9,2,10,Arshdeep Singh,Mohammed Siraj,9
9,2,11,Virat Kohli,Pat Cummins,14
9,2,12,Shreyas Iyer,Pat Cummins,10
9,2,13,Sanju Samson,Jasprit Bumrah,12
9,2,14,Rashid Khan,Rashid Khan,12
9,2,15,Travis Head,Rashid Khan,11
9,2,16,Sanju Samson,Jasprit Bumrah,13
9,2,17,Ruturaj Gaikwad,Rashid Khan,12
9,2,18,Rishabh Pant,Mohammed Siraj,3
9,2,19,Suryakumar Yadav,Arshdeep Singh,9
9,2,20,Yashasvi Jaiswal,Arshdeep Singh,14
10,1,1,Rashid Khan,Jasprit Bumrah,11
10,1,2,Suryakumar Yadav,Pat Cummins,14
10,1,3,Mohammed Siraj,Mohammed Siraj,6
10,1,4,Rashid Khan,Pat Cummins,13
10,1,5,Andre Russell,Rashid Khan,9
10,1,6,Mohammed Siraj,Mohammed Siraj,10
10,1,7,Pat Cummins,Mohammed Siraj,11
10,1,8,Rashid Khan,Rashid Khan,12
10,1,9,Shreyas Iyer,Pat Cummins,6
10,1,10,Sanju Samson,Mohammed Siraj,7
10,1,11,Yashasvi Jaiswal,Arshdeep Singh,7
10,1,12,Rashid Khan,Mohammed Siraj,8
10,1,13,Shreyas Iyer,Mohammed Siraj,11
10,1,14,Arshdeep Singh,Pat Cummins,4
10,1,15,Travis Head,Mohammed Siraj,9
10,1,16,Rinku Singh,Jasprit Bumrah,5
10,1,17,MS Dhoni,Mohammed Siraj,7
10,1,18,Shreyas Iyer,Arshdeep Singh,10
10,1,19,Yashasvi Jaiswal,Pat Cummins,6
10,1,20,Mohammed Siraj,Mohammed Siraj,7
10,2,1,Ruturaj Gaikwad,Pat Cummins,5
10,2,2,Arshdeep Singh,Rashid Khan,14
10,2,3,Rohit Sharma,Pat Cummins,6
10,2,4,Sanju Samson,Jasprit Bumrah,6
10,2,5,KL Rahul,Mohammed Siraj,4
10,2,6,Rashid Khan,Jasprit Bumrah,14
10,2,7,Suryakumar Yadav,Jasprit Bumrah,13
10,2,8,Shubman Gill,Arshdeep Singh,11
10,2,9,Rashid Khan,Arshdeep Singh,13
10,2,10,Yashasvi Jaiswal,Mohammed Siraj,13
10,2,11,Rinku Singh,Jasprit Bumrah,8
10,2,12,Arshdeep Singh,Rashid Khan,4
10,2,13,Rohit Sharma,Rashid Khan,11
10,2,14,Shubman Gill,Jasprit Bumrah,9
10,2,15,Rashid Khan,Rashid Khan,9
10,2,16,Rinku Singh,Jasprit Bumrah,14
10,2,17,Rinku Singh,Pat Cummins,3
10,2,18,Ruturaj Gaikwad,Mohammed Siraj,12
10,2,19,Rishabh Pant,Pat Cummins,7
10,2,20,Rashid Khan,Rashid Khan,11
11,1,1,Rishabh Pant,Mohammed Siraj,11
11,1,2,Ruturaj Gaikwad,Mohammed Siraj,6
11,1,3,Rishabh Pant,Mohammed Siraj,5
11,1,4,Shubman Gill,Jasprit Bumrah,14
11,1,5,Andre Russell,Mohammed Siraj,14
11,1,6,Yashasvi Jaiswal,Rashid Khan,12
11,1,7,Travis Head,Arshdeep Singh,12
11,1,8,Andre Russell,Jasprit Bumrah,11
11,1,9,Ruturaj Gaikwad,Rashid Khan,9
11,1,10,Rashid Khan,Mohammed Siraj,5
11,1,11,Virat Kohli,Mohammed Siraj,6
11,1,12,Sanju Samson,Arshdeep Singh,9
11,1,13,Andre Russell,Mohammed Siraj,7
11,1,14,Arshdeep Singh,Jasprit Bumrah,12
11,1,15,Pat Cummins,Rashid Khan,7
11,1,16,Ruturaj Gaikwad,Arshdeep Singh,3
11,1,17,Shubman Gill,Arshdeep Singh,7
11,1,18,Jasprit Bumrah,Mohammed Siraj,13
11,1,19,Ruturaj Gaikwad,Mohammed Siraj,14
11,1,20,Sanju Samson,Rashid Khan,8
11,2,1,Rashid Khan,Rashid Khan,5
11,2,2,Pat Cummins,Arshdeep Singh,10
11,2,3,Mohammed Siraj,Arshdeep Singh,14
11,2,4,Yashasvi Jaiswal,Rashid Khan,11
11,2,5,MS Dhoni,Pat Cummins,13
11,2,6,Jasprit Bumrah,Mohammed Siraj,10
11,2,7,Arshdeep Singh,Jasprit Bumrah,4
11,2,8,Mohammed Siraj,Pat Cummins,3
11,2,9,Arshdeep Singh,Pat Cummins,6
11,2,10,Shubman Gill,Mohammed Siraj,5
11,2,11,Rishabh Pant,Jasprit Bumrah,11
11,2,12,Yashasvi Jaiswal,Pat Cummins,13
11,2,13,MS Dhoni,Pat Cummins,10
11,2,14,Rohit Sharma,Arshdeep Singh,10
11,2,15,Jasprit Bumrah,Arshdeep Singh,5
11,2,16,Arshdeep Singh,Jasprit Bumrah,10
11,2,17,Rishabh Pant,Mohammed Siraj,11
11,2,18,Virat Kohli,Arshdeep Singh,14
11,2,19,Virat Kohli,Rashid Khan,7
11,2,20,MS Dhoni,Jasprit Bumrah,12
12,1,1,Pat Cummins,Jasprit Bumrah,9
12,1,2,Rohit Sharma,Jasprit Bumrah,11
12,1,3,Rohit Sharma,Mohammed Siraj,10
12,1,4,Shubman Gill,Rashid Khan,9
12,1,5,KL Rahul,Mohammed Siraj,13
12,1,6,Rishabh Pant,Arshdeep Singh,9
12,1,7,MS Dhoni,Pat Cummins,9
12,1,8,Pat Cummins,Jasprit Bumrah,5
12,1,9,Mohammed Siraj,Arshdeep Singh,5
12,1,10,Suryakumar Yadav,Rashid Khan,11
12,1,11,Virat Kohli,Mohammed Siraj,3
12,1,12,Mohammed Siraj,Arshdeep Singh,10
12,1,13,Travis Head,Rashid Khan,11
12,1,14,Rishabh Pant,Mohammed Siraj,6
12,1,15,Shreyas Iyer,Rashid Khan,5
12,1,16,Ruturaj Gaikwad,Jasprit Bumrah,14
12,1,17,KL Rahul,Pat Cummins,13
12,1,18,Sanju Samson,Rashid Khan,3
12,1,19,Ruturaj Gaikwad,Pat Cummins,4
12,1,20,Rishabh Pant,Pat Cummins,3
12,2,1,Rohit Sharma,Rashid Khan,13
12,2,2,Rohit Sharma,Arshdeep Singh,14
12,2,3,Sanju Samson,Pat Cummins,10
12,2,4,Rohit Sharma,Rashid Khan,6
12,2,5,Rinku Singh,Rashid Khan,11
12,2,6,Arshdeep Singh,Mohammed Siraj,14
12,2,7,Andre Russell,Rashid Khan,12
12,2,8,Suryakumar Yadav,Pat Cummins,7
12,2,9,KL Rahul,Mohammed Siraj,6
12,2,10,Rohit Sharma,Pat Cummins,7
12,2,11,Shubman Gill,Arshdeep Singh,12
12,2,12,Rashid Khan,Jasprit Bumrah,11
12,2,13,Travis Head,Pat Cummins,8
12,2,14,KL Rahul,Arshdeep Singh,8
12,2,15,Rinku Singh,Arshdeep Singh,5
12,2,16,Mohammed Siraj,Arshdeep Singh,5
12,2,17,Sanju Samson,Mohammed Siraj,6
12,2,18,Suryakumar Yadav,Arshdeep Singh,14
12,2,19,Mohammed Siraj,Arshdeep Singh,3
12,2,20,Mohammed Siraj,Pat Cummins,9
13,1,1,Travis Head,Rashid Khan,5
13,1,2,Yashasvi Jaiswal,Mohammed Siraj,7
13,1,3,MS Dhoni,Arshdeep Singh,13
13,1,4,MS Dhoni,Pat Cummins,8
13,1,5,Yashasvi Jaiswal,Jasprit Bumrah,14
13,1,6,Travis Head,Pat Cummins,7
13,1,7,Rohit Sharma,Jasprit Bumrah,12
13,1,8,Arshdeep Singh,Pat Cummins,6
13,1,9,Rashid Khan,Rashid Khan,6
13,1,10,Rinku Singh,Jasprit Bumrah,8
13,1,11,Yashasvi Jaiswal,Jasprit Bumrah,6
13,1,12,Rashid Khan,Rashid Khan,14
13,1,13,Yashasvi Jaiswal,Arshdeep Singh,14
13,1,14,Mohammed Siraj,Mohammed Siraj,6
13,1,15,Travis Head,Arshdeep Singh,7
13,1,16,Pat Cummins,Mohammed Siraj,11
13,1,17,Pat Cummins,Pat Cummins,7
13,1,18,Rishabh Pant,Jasprit Bumrah,10
13,1,19,Rashid Khan,Mohammed Siraj,14
13,1,20,Pat Cummins,Mohammed Siraj,6
13,2,1,Rohit Sharma,Pat Cummins,9
13,2,2,Suryakumar Yadav,Jasprit Bumrah,6
13,2,3,Mohammed Siraj,Pat Cummins,7
13,2,4,KL Rahul,Mohammed Siraj,12
13,2,5,Yashasvi Jaiswal,Mohammed Siraj,5
13,2,6,Travis Head,Pat Cummins,6
13,2,7,Rashid Khan,Pat Cummins,6
13,2,8,Andre Russell,Mohammed Siraj,13
13,2,9,Rashid Khan,Arshdeep Singh,10
13,2,10,Pat Cummins,Rashid Khan,5
13,2,11,Mohammed Siraj,Arshdeep Singh,5
13,2,12,Mohammed Siraj,Jasprit Bumrah,5
13,2,13,Rohit Sharma,Jasprit Bumrah,11
13,2,14,Rohit Sharma,Jasprit Bumrah,13
13,2,15,Suryakumar Yadav,Rashid Khan,9
13,2,16,Suryakumar Yadav,Jasprit Bumrah,4
13,2,17,Jasprit Bumrah,Arshdeep Singh,6
13,2,18,Rohit Sharma,Pat Cummins,8
13,2,19,Rashid Khan,Arshdeep Singh,13
13,2,20,Virat Kohli,Pat Cummins,3
14,1,1,KL Rahul,Jasprit Bumrah,11
14,1,2,Jasprit Bumrah,Mohammed Siraj,3
14,1,3,Rinku Singh,Jasprit Bumrah,11
14,1,4,KL Rahul,Rashid Khan,11
14,1,5,Ruturaj Gaikwad,Pat Cummins,4
14,1,6,Sanju Samson,Rashid Khan,5
14,1,7,Jasprit Bumrah,Mohammed Siraj,12
14,1,8,Shreyas Iyer,Arshdeep Singh,8
14,1,9,Pat Cummins,Arshdeep Singh,4
14,1,10,Arshdeep Singh,Rashid Khan,10
14,1,11,Sanju Samson,Mohammed Siraj,14
14,1,12,MS Dhoni,Jasprit Bumrah,13
14,1,13,Travis Head,Arshdeep Singh,4
14,1,14,Mohammed Siraj,Arshdeep Singh,9
14,1,15,Virat Kohli,Rashid Khan,3
14,1,16,Rashid Khan,Arshdeep Singh,4
14,1,17,Andre Russell,Pat Cummins,13
14,1,18,Jasprit Bumrah,Jasprit Bumrah,4
14,1,19,Yashasvi Jaiswal,Pat Cummins,6
14,1,20,Shreyas Iyer,Jasprit Bumrah,10
14,2,1,Shreyas Iyer,Pat Cummins,4
14,2,2,Rohit Sharma,Rashid Khan,12
14,2,3,Virat Kohli,Rashid Khan,8
14,2,4,Suryakumar Yadav,Arshdeep Singh,12
14,2,5,Rinku Singh,Rashid Khan,4
14,2,6,Sanju Samson,Pat Cummins,12
14,2,7,Mohammed Siraj,Mohammed Siraj,9
14,2,8,Suryakumar Yadav,Jasprit Bumrah,9
14,2,9,Pat Cummins,Jasprit Bumrah,11
14,2,10,KL Rahul,Rashid Khan,4
14,2,11,Andre Russell,Pat Cummins,4
14,2,12,Travis Head,Mohammed Siraj,12
14,2,13,Shreyas Iyer,Arshdeep Singh,3
14,2,14,Sanju Samson,Mohammed Siraj,10
14,2,15,Travis Head,Arshdeep Singh,11
14,2,16,Arshdeep Singh,Arshdeep Singh,5
14,2,17,Rinku Singh,Rashid Khan,4
14,2,18,MS Dhoni,Jasprit Bumrah,14
14,2,19,Suryakumar Yadav,Arshdeep Singh,7
14,2,20,Suryakumar Yadav,Arshdeep Singh,14
15,1,1,Pat Cummins,Jasprit Bumrah,8
15,1,2,Virat Kohli,Mohammed Siraj,4
15,1,3,Pat Cummins,Mohammed Siraj,10
15,1,4,Suryakumar Yadav,Jasprit Bumrah,4
15,1,5,KL Rahul,Arshdeep Singh,5
15,1,6,Mohammed Siraj,Pat Cummins,11
15,1,7,Ruturaj Gaikwad,Jasprit Bumrah,9
15,1,8,Pat Cummins,Pat Cummins,4
15,1,9,Andre Russell,Arshdeep Singh,4
15,1,10,Rinku Singh,Arshdeep Singh,3
15,1,11,MS Dhoni,Pat Cummins,9
15,1,12,Arshdeep Singh,Pat Cummins,6
15,1,13,Travis Head,Rashid Khan,5
15,1,14,Shreyas Iyer,Mohammed Siraj,5
15,1,15,Rashid Khan,Rashid Khan,7
15,1,16,Shubman Gill,Arshdeep Singh,4
15,1,17,KL Rahul,Mohammed Siraj,7
15,1,18,MS Dhoni,Mohammed Siraj,10
15,1,19,Sanju Samson,Arshdeep Singh,7
15,1,20,Yashasvi Jaiswal,Arshdeep Singh,12
15,2,1,Suryakumar Yadav,Mohammed Siraj,4
15,2,2,Travis Head,Mohammed Siraj,3
15,2,3,Travis Head,Mohammed Siraj,12
15,2,4,Andre Russell,Arshdeep Singh,10
15,2,5,Suryakumar Yadav,Mohammed Siraj,13
15,2,6,Yashasvi Jaiswal,Arshdeep Singh,8
15,2,7,Shubman Gill,Arshdeep Singh,8
15,2,8,Rinku Singh,Arshdeep Singh,8
15,2,9,Sanju Samson,Mohammed Siraj,12
15,2,10,Shreyas Iyer,Arshdeep Singh,9
15,2,11,Ruturaj Gaikwad,Pat Cummins,8
15,2,12,Arshdeep Singh,Pat Cummins,6
15,2,13,Mohammed Siraj,Jasprit Bumrah,5
15,2,14,Rishabh Pant,Rashid Khan,14
15,2,15,Rinku Singh,Jasprit Bumrah,10
15,2,16,Rashid Khan,Rashid Khan,9
15,2,17,Rinku Singh,Rashid Khan,13
15,2,18,Suryakumar Yadav,Arshdeep Singh,7
15,2,19,MS Dhoni,Arshdeep Singh,9
15,2,20,Rashid Khan,Pat Cummins,12
16,1,1,Mohammed Siraj,Pat Cummins,9
16,1,2,KL Rahul,Pat Cummins,14
16,1,3,Pat Cummins,Pat Cummins,3
16,1,4,MS Dhoni,Jasprit Bumrah,12
16,1,5,Pat Cummins,Rashid Khan,6
16,1,6,Rohit Sharma,Pat Cummins,13
16,1,7,Travis Head,Mohammed Siraj,13
16,1,8,Ruturaj Gaikwad,Jasprit Bumrah,9
16,1,9,Shreyas Iyer,Rashid Khan,4
16,1,10,Jasprit Bumrah,Pat Cummins,11
16,1,11,Arshdeep Singh,Rashid Khan,12
16,1,12,Pat Cummins,Arshdeep Singh,10
16,1,13,Arshdeep Singh,Pat Cummins,10
16,1,14,Pat Cummins,Jasprit Bumrah,5
16,1,15,Ruturaj Gaikwad,Mohammed Siraj,10
16,1,16,MS Dhoni,Jasprit Bumrah,9
16,1,17,Suryakumar Yadav,Mohammed Siraj,14
16,1,18,Andre Russell,Arshdeep Singh,7
16,1,19,Jasprit Bumrah,Arshdeep Singh,6
16,1,20,Rashid Khan,Jasprit Bumrah,8
16,2,1,Rishabh Pant,Mohammed Siraj,10
16,2,2,Rinku Singh,Jasprit Bumrah,4
16,2,3,Ruturaj Gaikwad,Jasprit Bumrah,14
16,2,4,Ruturaj Gaikwad,Rashid Khan,8
16,2,5,Sanju Samson,Pat Cummins,14
16,2,6,Mohammed Siraj,Rashid Khan,5
16,2,7,Mohammed Siraj,Arshdeep Singh,8
16,2,8,Sanju Samson,Arshdeep Singh,10
16,2,9,Shubman Gill,Rashid Khan,13
16,2,10,KL Rahul,Arshdeep Singh,13
16,2,11,Yashasvi Jaiswal,Arshdeep Singh,3
16,2,12,KL Rahul,Arshdeep Singh,12
16,2,13,Yashasvi Jaiswal,Rashid Khan,3
16,2,14,MS Dhoni,Pat Cummins,7
16,2,15,Mohammed Siraj,Rashid Khan,4
16,2,16,Andre Russell,Rashid Khan,8
16,2,17,Ruturaj Gaikwad,Mohammed Siraj,10
16,2,18,Rashid Khan,Pat Cummins,13
16,2,19,Andre Russell,Pat Cummins,13
16,2,20,Travis Head,Pat Cummins,9
17,1,1,Pat Cummins,Mohammed Siraj,4
17,1,2,Shubman Gill,Mohammed Siraj,10
17,1,3,Arshdeep Singh,Jasprit Bumrah,12
17,1,4,Suryakumar Yadav,Mohammed Siraj,13
17,1,5,Sanju Samson,Mohammed Siraj,4
17,1,6,Shubman Gill,Mohammed Siraj,4
17,1,7,Suryakumar Yadav,Pat Cummins,14
17,1,8,KL Rahul,Pat Cummins,9
17,1,9,Arshdeep Singh,Arshdeep Singh,5
17,1,10,Shubman Gill,Arshdeep Singh,9
17,1,11,Mohammed Siraj,Rashid Khan,13
17,1,12,Shubman Gill,Arshdeep Singh,11
17,1,13,Suryakumar Yadav,Rashid Khan,7
17,1,14,Rishabh Pant,Pat Cummins,8
17,1,15,Pat Cummins,Jasprit Bumrah,3
17,1,16,Suryakumar Yadav,Rashid Khan,10
17,1,17,Mohammed Siraj,Pat Cummins,9
17,1,18,Rashid Khan,Arshdeep Singh,13
17,1,19,Rashid Khan,Arshdeep Singh,13
17,1,20,Rishabh Pant,Arshdeep Singh,14
17,2,1,MS Dhoni,Pat Cummins,5
17,2,2,Sanju Samson,Mohammed Siraj,3
17,2,3,Shreyas Iyer,Rashid Khan,3
17,2,4,Rinku Singh,Rashid Khan,11
17,2,5,Arshdeep Singh,Arshdeep Singh,10
17,2,6,Jasprit Bumrah,Jasprit Bumrah,11
17,2,7,Ruturaj Gaikwad,Mohammed Siraj,12
17,2,8,Pat Cummins,Pat Cummins,11
17,2,9,Rishabh Pant,Pat Cummins,3
17,2,10,KL Rahul,Jasprit Bumrah,6
17,2,11,Sanju Samson,Mohammed Siraj,14
17,2,12,Rishabh Pant,Mohammed Siraj,3
17,2,13,MS Dhoni,Arshdeep Singh,8
17,2,14,Sanju Samson,Rashid Khan,4
17,2,15,Arshdeep Singh,Mohammed Siraj,14
17,2,16,KL Rahul,Rashid Khan,14
17,2,17,Suryakumar Yadav,Rashid Khan,12
17,2,18,Rohit Sharma,Pat Cummins,6
17,2,19,Mohammed Siraj,Mohammed Siraj,8
17,2,20,Mohammed Siraj,Rashid Khan,12
18,1,1,Rinku Singh,Mohammed Siraj,8
18,1,2,Shreyas Iyer,Pat Cummins,12
18,1,3,Ruturaj Gaikwad,Rashid Khan,13
18,1,4,Rohit Sharma,Mohammed Siraj,9
18,1,5,Suryakumar Yadav,Rashid Khan,13
18,1,6,Suryakumar Yadav,Mohammed Siraj,6
18,1,7,Travis Head,Arshdeep Singh,6
18,1,8,Arshdeep Singh,Mohammed Siraj,5
18,1,9,KL Rahul,Arshdeep Singh,13
18,1,10,MS Dhoni,Jasprit Bumrah,10
18,1,11,Jasprit Bumrah,Mohammed Siraj,9
18,1,12,Pat Cummins,Arshdeep Singh,14
18,1,13,Andre Russell,Pat Cummins,10
18,1,14,MS Dhoni,Arshdeep Singh,3
18,1,15,Pat Cummins,Jasprit Bumrah,13
18,1,16,Travis Head,Rashid Khan,11
18,1,17,Yashasvi Jaiswal,Arshdeep Singh,9
18,1,18,Andre Russell,Mohammed Siraj,7
18,1,19,Mohammed Siraj,Pat Cummins,8
18,1,20,Arshdeep Singh,Arshdeep Singh,5
18,2,1,Rohit Sharma,Jasprit Bumrah,8
18,2,2,Rishabh Pant,Jasprit Bumrah,4
18,2,3,Shubman Gill,Arshdeep Singh,4
18,2,4,Virat Kohli,Arshdeep Singh,10
18,2,5,Suryakumar Yadav,Mohammed Siraj,6
18,2,6,Shreyas Iyer,Jasprit Bumrah,5
18,2,7,Pat Cummins,Mohammed Siraj,13
18,2,8,Pat Cummins,Rashid Khan,4
18,2,9,Travis Head,Mohammed Siraj,3
18,2,10,Sanju Samson,Arshdeep Singh,14
18,2,11,MS Dhoni,Jasprit Bumrah,13
18,2,12,Yashasvi Jaiswal,Arshdeep Singh,3
18,2,13,Suryakumar Yadav,Pat Cummins,4
18,2,14,Jasprit Bumrah,Arshdeep Singh,6
18,2,15,Virat Kohli,Mohammed Siraj,3
18,2,16,KL Rahul,Rashid Khan,4
18,2,17,MS Dhoni,Rashid Khan,10
18,2,18,MS Dhoni,Jasprit Bumrah,9
18,2,19,Andre Russell,Mohammed Siraj,4
18,2,20,Suryakumar Yadav,Arshdeep Singh,7
19,1,1,Suryakumar Yadav,Jasprit Bumrah,5
19,1,2,Arshdeep Singh,Jasprit Bumrah,11
19,1,3,Shubman Gill,Arshdeep Singh,12
19,1,4,Yashasvi Jaiswal,Rashid Khan,8
19,1,5,Rishabh Pant,Rashid Khan,9
19,1,6,Ruturaj Gaikwad,Rashid Khan,4
19,1,7,Arshdeep Singh,Arshdeep Singh,4
19,1,8,KL Rahul,Mohammed Siraj,8
19,1,9,Sanju Samson,Mohammed Siraj,5
19,1,10,MS Dhoni,Rashid Khan,13
19,1,11,Rinku Singh,Jasprit Bumrah,11
19,1,12,Rinku Singh,Rashid Khan,13
19,1,13,Jasprit Bumrah,Rashid Khan,11
19,1,14,Travis Head,Mohammed Siraj,14
19,1,15,Rohit Sharma,Rashid Khan,13
19,1,16,Travis Head,Jasprit Bumrah,10
19,1,17,Rashid Khan,Pat Cummins,6
19,1,18,Jasprit Bumrah,Jasprit Bumrah,4
19,1,19,Andre Russell,Rashid Khan,8
19,1,20,Arshdeep Singh,Arshdeep Singh,9
19,2,1,Mohammed Siraj,Rashid Khan,8
19,2,2,MS Dhoni,Jasprit Bumrah,10
19,2,3,MS Dhoni,Jasprit Bumrah,12
19,2,4,Yashasvi Jaiswal,Jasprit Bumrah,7
19,2,5,Travis Head,Pat Cummins,3
19,2,6,Jasprit Bumrah,Arshdeep Singh,7
19,2,7,Travis Head,Jasprit Bumrah,9
19,2,8,Mohammed Siraj,Pat Cummins,13
19,2,9,Suryakumar Yadav,Mohammed Siraj,12
19,2,10,Rinku Singh,Jasprit Bumrah,4
19,2,11,Yashasvi Jaiswal,Rashid Khan,11
19,2,12,Andre Russell,Arshdeep Singh,11
19,2,13,MS Dhoni,Mohammed Siraj,12
19,2,14,KL Rahul,Rashid Khan,14
19,2,15,Sanju Samson,Jasprit Bumrah,3
19,2,16,Ruturaj Gaikwad,Arshdeep Singh,9
19,2,17,Rohit Sharma,Mohammed Siraj,12
19,2,18,Shubman Gill,Jasprit Bumrah,13
19,2,19,Suryakumar Yadav,Jasprit Bumrah,3
19,2,20,Rashid Khan,Mohammed Siraj,5
20,1,1,Jasprit Bumrah,Mohammed Siraj,11
20,1,2,Pat Cummins,Rashid Khan,5
20,1,3,Shreyas Iyer,Jasprit Bumrah,14
20,1,4,Andre Russell,Arshdeep Singh,3
20,1,5,Jasprit Bumrah,Jasprit Bumrah,7
20,1,6,Arshdeep Singh,Jasprit Bumrah,7
20,1,7,Rishabh Pant,Pat Cummins,10
20,1,8,Rohit Sharma,Arshdeep Singh,8
20,1,9,Shubman Gill,Mohammed Siraj,12
20,1,10,Shreyas Iyer,Jasprit Bumrah,5
20,1,11,Ruturaj Gaikwad,Rashid Khan,12
20,1,12,Jasprit Bumrah,Jasprit Bumrah,14
20,1,13,Virat Kohli,Rashid Khan,3
20,1,14,Rashid Khan,Mohammed Siraj,3
20,1,15,Suryakumar Yadav,Rashid Khan,9
20,1,16,Mohammed Siraj,Arshdeep Singh,3
20,1,17,Andre Russell,Rashid Khan,6
20,1,18,Andre Russell,Mohammed Siraj,9
20,1,19,Arshdeep Singh,Mohammed Siraj,4
20,1,20,Jasprit Bumrah,Jasprit Bumrah,4
20,2,1,Sanju Samson,Pat Cummins,5
20,2,2,Travis Head,Jasprit Bumrah,3
20,2,3,Rinku Singh,Mohammed Siraj,10
20,2,4,MS Dhoni,Pat Cummins,8
20,2,5,Virat Kohli,Mohammed Siraj,10
20,2,6,Rinku Singh,Pat Cummins,6
20,2,7,Sanju Samson,Arshdeep Singh,7
20,2,8,Arshdeep Singh,Arshdeep Singh,8
20,2,9,Mohammed Siraj,Rashid Khan,6
20,2,10,Virat Kohli,Arshdeep Singh,5
20,2,11,Sanju Samson,Pat Cummins,3
20,2,12,Virat Kohli,Mohammed Siraj,8
20,2,13,Travis Head,Mohammed Siraj,3
20,2,14,Yashasvi Jaiswal,Pat Cummins,4
20,2,15,KL Rahul,Arshdeep Singh,6
20,2,16,Suryakumar Yadav,Mohammed Siraj,3
20,2,17,Rohit Sharma,Rashid Khan,4
20,2,18,KL Rahul,Mohammed Siraj,11
20,2,19,MS Dhoni,Pat Cummins,10
20,2,20,Jasprit Bumrah,Rashid Khan,4
21,1,1,Travis Head,Jasprit Bumrah,13
21,1,2,Arshdeep Singh,Jasprit Bumrah,12
21,1,3,Suryakumar Yadav,Rashid Khan,9
21,1,4,Shreyas Iyer,Mohammed Siraj,7
21,1,5,Andre Russell,Mohammed Siraj,9
21,1,6,Shreyas Iyer,Rashid Khan,10
21,1,7,Yashasvi Jaiswal,Rashid Khan,4
21,1,8,Ruturaj Gaikwad,Rashid Khan,12
21,1,9,Shubman Gill,Arshdeep Singh,4
21,1,10,Andre Russell,Arshdeep Singh,10
21,1,11,Mohammed Siraj,Mohammed Siraj,4
21,1,12,Rishabh Pant,Mohammed Siraj,6
21,1,13,Shreyas Iyer,Jasprit Bumrah,10
21,1,14,Shubman Gill,Mohammed Siraj,4
21,1,15,Rohit Sharma,Rashid Khan,14
21,1,16,Suryakumar Yadav,Jasprit Bumrah,8
21,1,17,Sanju Samson,Mohammed Siraj,14
21,1,18,Jasprit Bumrah,Jasprit Bumrah,9
21,1,19,Rinku Singh,Mohammed Siraj,13
21,1,20,Virat Kohli,Arshdeep Singh,5
21,2,1,Mohammed Siraj,Pat Cummins,10
21,2,2,Ruturaj Gaikwad,Arshdeep Singh,6
21,2,3,Suryakumar Yadav,Jasprit Bumrah,4
21,2,4,Rohit Sharma,Rashid Khan,3
21,2,5,Yashasvi Jaiswal,Arshdeep Singh,5
21,2,6,MS Dhoni,Pat Cummins,8
21,2,7,Shreyas Iyer,Jasprit Bumrah,12
21,2,8,MS Dhoni,Rashid Khan,3
21,2,9,Rishabh Pant,Rashid Khan,13
21,2,10,Andre Russell,Jasprit Bumrah,4
21,2,11,Rishabh Pant,Jasprit Bumrah,3
21,2,12,Arshdeep Singh,Arshdeep Singh,5
21,2,13,Travis Head,Arshdeep Singh,14
21,2,14,Travis Head,Arshdeep Singh,3
21,2,15,Pat Cummins,Rashid Khan,5
21,2,16,Shreyas Iyer,Mohammed Siraj,5
21,2,17,Suryakumar Yadav,Jasprit Bumrah,10
21,2,18,Sanju Samson,Mohammed Siraj,12
21,2,19,KL Rahul,Pat Cummins,10
21,2,20,Rohit Sharma,Jasprit Bumrah,10
22,1,1,Travis Head,Rashid Khan,7
22,1,2,Yashasvi Jaiswal,Pat Cummins,9
22,1,3,Mohammed Siraj,Jasprit Bumrah,6
22,1,4,Pat Cummins,Arshdeep Singh,9
22,1,5,Rashid Khan,Mohammed Siraj,11
22,1,6,Jasprit Bumrah,Mohammed Siraj,12
22,1,7,Shreyas Iyer,Rashid Khan,9
22,1,8,Andre Russell,Pat Cummins,3
22,1,9,Virat Kohli,Mohammed Siraj,6
22,1,10,Rashid Khan,Pat Cummins,3
22,1,11,Arshdeep Singh,Rashid Khan,8
22,1,12,Ruturaj Gaikwad,Rashid Khan,5
22,1,13,Sanju Samson,Mohammed Siraj,13
22,1,14,Rohit Sharma,Rashid Khan,11
22,1,15,Travis Head,Mohammed Siraj,12
22,1,16,Shubman Gill,Rashid Khan,5
22,1,17,Andre Russell,Mohammed Siraj,12
22,1,18,Virat Kohli,Mohammed Siraj,12
22,1,19,Arshdeep Singh,Rashid Khan,12
22,1,20,Yashasvi Jaiswal,Arshdeep Singh,12
22,2,1,Rinku Singh,Rashid Khan,11
22,2,2,Rohit Sharma,Jasprit Bumrah,10
22,2,3,Sanju Samson,Pat Cummins,3
22,2,4,Virat Kohli,Pat Cummins,6
22,2,5,Virat Kohli,Mohammed Siraj,10
22,2,6,Yashasvi Jaiswal,Rashid Khan,12
22,2,7,Shubman Gill,Mohammed Siraj,8
22,2,8,Virat Kohli,Rashid Khan,3
22,2,9,Suryakumar Yadav,Jasprit Bumrah,12
22,2,10,Pat Cummins,Jasprit Bumrah,11
22,2,11,Travis Head,Pat Cummins,8
22,2,12,Andre Russell,Mohammed Siraj,4
22,2,13,Suryakumar Yadav,Rashid Khan,8
22,2,14,KL Rahul,Arshdeep Singh,14
22,2,15,Andre Russell,Rashid Khan,13
22,2,16,Mohammed Siraj,Pat Cummins,14
22,2,17,Sanju Samson,Pat Cummins,8
22,2,18,Travis Head,Mohammed Siraj,5
22,2,19,Rinku Singh,Rashid Khan,14
22,2,20,Virat Kohli,Pat Cummins,5
23,1,1,Arshdeep Singh,Jasprit Bumrah,9
23,1,2,Andre Russell,Pat Cummins,5
23,1,3,Arshdeep Singh,Jasprit Bumrah,6
23,1,4,Suryakumar Yadav,Mohammed Siraj,10
23,1,5,MS Dhoni,Rashid Khan,14
23,1,6,Andre Russell,Rashid Khan,8
23,1,7,MS Dhoni,Mohammed Siraj,13
23,1,8,Virat Kohli,Mohammed Siraj,10
23,1,9,Sanju Samson,Jasprit Bumrah,6
23,1,10,Shreyas Iyer,Jasprit Bumrah,8
23,1,11,Virat Kohli,Jasprit Bumrah,14
23,1,12,Rishabh Pant,Arshdeep Singh,9
23,1,13,KL Rahul,Arshdeep Singh,5
23,1,14,Pat Cummins,Pat Cummins,9
23,1,15,Ruturaj Gaikwad,Arshdeep Singh,9
23,1,16,Sanju Samson,Rashid Khan,12
23,1,17,MS Dhoni,Jasprit Bumrah,10
23,1,18,Virat Kohli,Mohammed Siraj,7
23,1,19,Ruturaj Gaikwad,Jasprit Bumrah,7
23,1,20,Shubman Gill,Arshdeep Singh,8
23,2,1,MS Dhoni,Pat Cummins,5
23,2,2,Andre Russell,Pat Cummins,4
23,2,3,Rashid Khan,Jasprit Bumrah,12
23,2,4,Shubman Gill,Pat Cummins,9
23,2,5,Shubman Gill,Jasprit Bumrah,9
23,2,6,Andre Russell,Rashid Khan,4
23,2,7,KL Rahul,Pat Cummins,6
23,2,8,Mohammed Siraj,Mohammed Siraj,14
23,2,9,Rinku Singh,Mohammed Siraj,13
23,2,10,Ruturaj Gaikwad,Jasprit Bumrah,6
23,2,11,Arshdeep Singh,Pat Cummins,9
23,2,12,Suryakumar Yadav,Jasprit Bumrah,10
23,2,13,Virat Kohli,Arshdeep Singh,8
23,2,14,Rinku Singh,Pat Cummins,4
23,2,15,Yashasvi Jaiswal,Jasprit Bumrah,10
23,2,16,Yashasvi Jaiswal,Rashid Khan,3
23,2,17,Rinku Singh,Jasprit Bumrah,13
23,2,18,Ruturaj Gaikwad,Mohammed Siraj,10
23,2,19,Rashid Khan,Arshdeep Singh,9
23,2,20,Shreyas Iyer,Jasprit Bumrah,13
24,1,1,Mohammed Siraj,Arshdeep Singh,13
24,1,2,Pat Cummins,Arshdeep Singh,5
24,1,3,Shubman Gill,Arshdeep Singh,8
24,1,4,Shreyas Iyer,Arshdeep Singh,3
24,1,5,Shreyas Iyer,Rashid Khan,10
24,1,6,Arshdeep Singh,Jasprit Bumrah,7
24,1,7,Ruturaj Gaikwad,Jasprit Bumrah,5
24,1,8,Pat Cummins,Pat Cummins,13
24,1,9,Arshdeep Singh,Rashid Khan,9
24,1,10,Rohit Sharma,Arshdeep Singh,11
24,1,11,KL Rahul,Pat Cummins,11
24,1,12,Rashid Khan,Pat Cummins,13
24,1,13,Rashid Khan,Mohammed Siraj,6
24,1,14,Travis Head,Jasprit Bumrah,4
24,1,15,Arshdeep Singh,Pat Cummins,11
24,1,16,Suryakumar Yadav,Jasprit Bumrah,12
24,1,17,Shubman Gill,Rashid Khan,10
24,1,18,Yashasvi Jaiswal,Rashid Khan,6
24,1,19,KL Rahul,Jasprit Bumrah,3
24,1,20,KL Rahul,Rashid Khan,13
24,2,1,Suryakumar Yadav,Pat Cummins,13
24,2,2,Andre Russell,Jasprit Bumrah,7
24,2,3,Travis Head,Pat Cummins,4
24,2,4,Mohammed Siraj,Mohammed Siraj,9
24,2,5,Jasprit Bumrah,Arshdeep Singh,7
24,2,6,Arshdeep Singh,Pat Cummins,3
24,2,7,Ruturaj Gaikwad,Arshdeep Singh,9
24,2,8,Suryakumar Yadav,Pat Cummins,5
24,2,9,Arshdeep Singh,Jasprit Bumrah,12
24,2,10,Arshdeep Singh,Jasprit Bumrah,4
24,2,11,Mohammed Siraj,Mohammed Siraj,7
24,2,12,Shreyas Iyer,Arshdeep Singh,9
24,2,13,Rashid Khan,Pat Cummins,13
24,2,14,Rashid Khan,Jasprit Bumrah,12
24,2,15,Shreyas Iyer,Arshdeep Singh,5
24,2,16,Travis Head,Jasprit Bumrah,5
24,2,17,Andre Russell,Rashid Khan,9
24,2,18,Rashid Khan,Mohammed Siraj,3
24,2,19,Virat Kohli,Mohammed Siraj,8
24,2,20,Rinku Singh,Mohammed Siraj,7
25,1,1,Ruturaj Gaikwad,Rashid Khan,10
25,1,2,Rinku Singh,Arshdeep Singh,5
25,1,3,Shreyas Iyer,Arshdeep Singh,8
25,1,4,MS Dhoni,Rashid Khan,12
25,1,5,Yashasvi Jaiswal,Arshdeep Singh,10
25,1,6,Rashid Khan,Pat Cummins,14
25,1,7,Rohit Sharma,Pat Cummins,8
25,1,8,MS Dhoni,Mohammed Siraj,5
25,1,9,Jasprit Bumrah,Arshdeep Singh,14
25,1,10,Jasprit Bumrah,Pat Cummins,5
25,1,11,Shubman Gill,Rashid Khan,3
25,1,12,Rohit Sharma,Rashid Khan,6
25,1,13,Rishabh Pant,Jasprit Bumrah,3
25,1,14,Yashasvi Jaiswal,Mohammed Siraj,8
25,1,15,Rishabh Pant,Pat Cummins,8
25,1,16,Ruturaj Gaikwad,Jasprit Bumrah,9
25,1,17,Pat Cummins,Arshdeep Singh,6
25,1,18,Rishabh Pant,Rashid Khan,12
25,1,19,Arshdeep Singh,Pat Cummins,10
25,1,20,Pat Cummins,Rashid Khan,8
25,2,1,MS Dhoni,Mohammed Siraj,7
25,2,2,Travis Head,Jasprit Bumrah,3
25,2,3,Arshdeep Singh,Rashid Khan,5
25,2,4,Sanju Samson,Rashid Khan,6
25,2,5,KL Rahul,Pat Cummins,7
25,2,6,Virat Kohli,Arshdeep Singh,3
25,2,7,Shubman Gill,Pat Cummins,5
25,2,8,Sanju Samson,Mohammed Siraj,3
25,2,9,Rinku Singh,Mohammed Siraj,12
25,2,10,Travis Head,Mohammed Siraj,9
25,2,11,Shreyas Iyer,Rashid Khan,10
25,2,12,Rinku Singh,Pat Cummins,10
25,2,13,Travis Head,Pat Cummins,12
25,2,14,Virat Kohli,Pat Cummins,4
25,2,15,Pat Cummins,Pat Cummins,13
25,2,16,Rinku Singh,Mohammed Siraj,13
25,2,17,Ruturaj Gaikwad,Arshdeep Singh,13
25,2,18,Andre Russell,Mohammed Siraj,4
25,2,19,Andre Russell,Mohammed Siraj,13
25,2,20,Rinku Singh,Rashid Khan,7
26,1,1,Jasprit Bumrah,Rashid Khan,5
26,1,2,Travis Head,Mohammed Siraj,3
26,1,3,Suryakumar Yadav,Jasprit Bumrah,13
26,1,4,Rashid Khan,Mohammed Siraj,13
26,1,5,KL Rahul,Arshdeep Singh,7
26,1,6,Rohit Sharma,Pat Cummins,9
26,1,7,Arshdeep Singh,Rashid Khan,14
26,1,8,Sanju Samson,Pat Cummins,8
26,1,9,Rashid Khan,Mohammed Siraj,13
26,1,10,Rinku Singh,Rashid Khan,11
26,1,11,Mohammed Siraj,Rashid Khan,13
26,1,12,Ruturaj Gaikwad,Arshdeep Singh,7
26,1,13,Shreyas Iyer,Pat Cummins,5
26,1,14,Andre Russell,Jasprit Bumrah,5
26,1,15,Pat Cummins,Rashid Khan,6
26,1,16,Rinku Singh,Arshdeep Singh,14
26,1,17,Pat Cummins,Mohammed Siraj,8
26,1,18,Rinku Singh,Arshdeep Singh,12
26,1,19,Rashid Khan,Jasprit Bumrah,4
26,1,20,Arshdeep Singh,Pat Cummins,13
26,2,1,MS Dhoni,Arshdeep Singh,12
26,2,2,Jasprit Bumrah,Jasprit Bumrah,6
26,2,3,Travis Head,Pat Cummins,13
26,2,4,KL Rahul,Jasprit Bumrah,7
26,2,5,Suryakumar Yadav,Rashid Khan,5
26,2,6,KL Rahul,Pat Cummins,8
26,2,7,Suryakumar Yadav,Mohammed Siraj,10
26,2,8,Shubman Gill,Jasprit Bumrah,14
26,2,9,Andre Russell,Rashid Khan,10
26,2,10,Rohit Sharma,Jasprit Bumrah,8
26,2,11,Shreyas Iyer,Rashid Khan,10
26,2,12,Arshdeep Singh,Rashid Khan,5
26,2,13,MS Dhoni,Rashid Khan,10
26,2,14,KL Rahul,Arshdeep Singh,12
26,2,15,KL Rahul,Arshdeep Singh,9
26,2,16,Virat Kohli,Jasprit Bumrah,9
26,2,17,Yashasvi Jaiswal,Mohammed Siraj,11
26,2,18,Andre Russell,Pat Cummins,3
26,2,19,Virat Kohli,Jasprit Bumrah,6
26,2,20,Sanju Samson,Rashid Khan,13
27,1,1,Pat Cummins,Mohammed Siraj,14
27,1,2,Ruturaj Gaikwad,Arshdeep Singh,5
27,1,3,Arshdeep Singh,Mohammed Siraj,11
27,1,4,MS Dhoni,Jasprit Bumrah,5
27,1,5,Rinku Singh,Arshdeep Singh,7
27,1,6,Jasprit Bumrah,Pat Cummins,14
27,1,7,Andre Russell,Arshdeep Singh,11
27,1,8,Suryakumar Yadav,Mohammed Siraj,13
27,1,9,Pat Cummins,Rashid Khan,10
27,1,10,Travis Head,Jasprit Bumrah,5
27,1,11,Sanju Samson,Rashid Khan,6
27,1,12,Virat Kohli,Pat Cummins,6
27,1,13,Shubman Gill,Jasprit Bumrah,11
27,1,14,Rohit Sharma,Arshdeep Singh,8
27,1,15,Shreyas Iyer,Pat Cummins,13
27,1,16,Rohit Sharma,Pat Cummins,12
27,1,17,Ruturaj Gaikwad,Jasprit Bumrah,3
27,1,18,Ruturaj Gaikwad,Arshdeep Singh,3
27,1,19,Travis Head,Jasprit Bumrah,10
27,1,20,Shreyas Iyer,Arshdeep Singh,11
27,2,1,Suryakumar Yadav,Rashid Khan,14
27,2,2,Virat Kohli,Mohammed Siraj,14
27,2,3,Ruturaj Gaikwad,Pat Cummins,9
27,2,4,Suryakumar Yadav,Arshdeep Singh,7
27,2,5,Jasprit Bumrah,Pat Cummins,4
27,2,6,Rinku Singh,Jasprit Bumrah,4
27,2,7,Rashid Khan,Rashid Khan,4
27,2,8,Yashasvi Jaiswal,Mohammed Siraj,12
27,2,9,Yashasvi Jaiswal,Mohammed Siraj,11
27,2,10,KL Rahul,Mohammed Siraj,14
27,2,11,Rohit Sharma,Pat Cummins,5
27,2,12,Yashasvi Jaiswal,Arshdeep Singh,10
27,2,13,Sanju Samson,Jasprit Bumrah,8
27,2,14,MS Dhoni,Jasprit Bumrah,3
27,2,15,Rashid Khan,Rashid Khan,12
27,2,16,Jasprit Bumrah,Jasprit Bumrah,4
27,2,17,Ruturaj Gaikwad,Mohammed Siraj,14
27,2,18,Sanju Samson,Arshdeep Singh,13
27,2,19,Shreyas Iyer,Arshdeep Singh,7
27,2,20,Ruturaj Gaikwad,Rashid Khan,3
28,1,1,Rinku Singh,Mohammed Siraj,3
28,1,2,Andre Russell,Arshdeep Singh,13
28,1,3,Ruturaj Gaikwad,Jasprit Bumrah,14
28,1,4,Virat Kohli,Rashid Khan,3
28,1,5,Shubman Gill,Mohammed Siraj,13
28,1,6,Rishabh Pant,Pat Cummins,8
28,1,7,MS Dhoni,Mohammed Siraj,7
28,1,8,Shubman Gill,Jasprit Bumrah,8
28,1,9,Travis Head,Arshdeep Singh,9
28,1,10,Travis Head,Arshdeep Singh,7
28,1,11,Shubman Gill,Jasprit Bumrah,9
28,1,12,Rohit Sharma,Rashid Khan,5
28,1,13,KL Rahul,Pat Cummins,4
28,1,14,Arshdeep Singh,Arshdeep Singh,10
28,1,15,Travis Head,Mohammed Siraj,5
28,1,16,Virat Kohli,Rashid Khan,12
28,1,17,Rashid Khan,Jasprit Bumrah,10
28,1,18,Rishabh Pant,Jasprit Bumrah,9
28,1,19,Shreyas Iyer,Mohammed Siraj,4
28,1,20,Jasprit Bumrah,Pat Cummins,3
28,2,1,Arshdeep Singh,Rashid Khan,14
28,2,2,Andre Russell,Pat Cummins,13
28,2,3,Ruturaj Gaikwad,Arshdeep Singh,11
28,2,4,Sanju Samson,Arshdeep Singh,13
28,2,5,Travis Head,Rashid Khan,8
28,2,6,Rohit Sharma,Jasprit Bumrah,11
28,2,7,Shubman Gill,Pat Cummins,13
28,2,8,Rashid Khan,Rashid Khan,10
28,2,9,Rashid Khan,Mohammed Siraj,4
28,2,10,Andre Russell,Mohammed Siraj,6
28,2,11,Jasprit Bumrah,Rashid Khan,3
28,2,12,Travis Head,Arshdeep Singh,11
28,2,13,MS Dhoni,Arshdeep Singh,6
28,2,14,Arshdeep Singh,Arshdeep Singh,10
28,2,15,Rashid Khan,Arshdeep Singh,4
28,2,16,Ruturaj Gaikwad,Arshdeep Singh,8
28,2,17,Virat Kohli,Jasprit Bumrah,14
28,2,18,KL Rahul,Jasprit Bumrah,9
28,2,19,Mohammed Siraj,Jasprit Bumrah,11
28,2,20,Rinku Singh,Pat Cummins,4
29,1,1,Yashasvi Jaiswal,Arshdeep Singh,11
29,1,2,Pat Cummins,Jasprit Bumrah,8
29,1,3,Rishabh Pant,Mohammed Siraj,6
29,1,4,Rashid Khan,Mohammed Siraj,11
29,1,5,Rishabh Pant,Jasprit Bumrah,14
29,1,6,Sanju Samson,Jasprit Bumrah,4
29,1,7,Pat Cummins,Mohammed Siraj,8
29,1,8,Jasprit Bumrah,Mohammed Siraj,11
29,1,9,Ruturaj Gaikwad,Jasprit Bumrah,14
29,1,10,Rashid Khan,Rashid Khan,5
29,1,11,KL Rahul,Jasprit Bumrah,14
29,1,12,Yashasvi Jaiswal,Rashid Khan,7
29,1,13,Travis Head,Rashid Khan,4
29,1,14,Yashasvi Jaiswal,Mohammed Siraj,10
29,1,15,KL Rahul,Jasprit Bumrah,4
29,1,16,Arshdeep Singh,Jasprit Bumrah,13
29,1,17,Rishabh Pant,Pat Cummins,10
29,1,18,Suryakumar Yadav,Arshdeep Singh,11
29,1,19,Jasprit Bumrah,Jasprit Bumrah,3
29,1,20,KL Rahul,Pat Cummins,11
29,2,1,Jasprit Bumrah,Rashid Khan,10
29,2,2,Arshdeep Singh,Rashid Khan,14
29,2,3,Suryakumar Yadav,Jasprit Bumrah,14
29,2,4,Andre Russell,Pat Cummins,9
29,2,5,KL Rahul,Pat Cummins,9
29,2,6,Sanju Samson,Mohammed Siraj,14
29,2,7,Andre Russell,Mohammed Siraj,9
29,2,8,Suryakumar Yadav,Rashid Khan,10
29,2,9,Jasprit Bumrah,Mohammed Siraj,9
29,2,10,Mohammed Siraj,Mohammed Siraj,14
29,2,11,Mohammed Siraj,Rashid Khan,14
29,2,12,Yashasvi Jaiswal,Pat Cummins,6
29,2,13,Rinku Singh,Mohammed Siraj,14
29,2,14,Suryakumar Yadav,Rashid Khan,13
29,2,15,Mohammed Siraj,Mohammed Siraj,11
29,2,16,Ruturaj Gaikwad,Mohammed Siraj,14
29,2,17,Rashid Khan,Pat Cummins,11
29,2,18,KL Rahul,Pat Cummins,12
29,2,19,KL Rahul,Jasprit Bumrah,7
29,2,20,Ruturaj Gaikwad,Jasprit Bumrah,11
30,1,1,Suryakumar Yadav,Jasprit Bumrah,9
30,1,2,Rohit Sharma,Rashid Khan,13
30,1,3,Shubman Gill,Mohammed Siraj,7
30,1,4,Shreyas Iyer,Rashid Khan,13
30,1,5,Rinku Singh,Rashid Khan,3
30,1,6,Rohit Sharma,Mohammed Siraj,11
30,1,7,Ruturaj Gaikwad,Pat Cummins,10
30,1,8,Mohammed Siraj,Rashid Khan,13
30,1,9,Mohammed Siraj,Arshdeep Singh,14
30,1,10,Jasprit Bumrah,Mohammed Siraj,6
30,1,11,Rohit Sharma,Arshdeep Singh,14
30,1,12,KL Rahul,Mohammed Siraj,9
30,1,13,Rohit Sharma,Jasprit Bumrah,11
30,1,14,Shreyas Iyer,Rashid Khan,14
30,1,15,Rishabh Pant,Rashid Khan,12
30,1,16,Pat Cummins,Pat Cummins,13
30,1,17,Yashasvi Jaiswal,Rashid Khan,11
30,1,18,Rishabh Pant,Rashid Khan,7
30,1,19,MS Dhoni,Rashid Khan,13
30,1,20,Jasprit Bumrah,Jasprit Bumrah,5
30,2,1,Rohit Sharma,Arshdeep Singh,9
30,2,2,Mohammed Siraj,Mohammed Siraj,7
30,2,3,Shubman Gill,Pat Cummins,5
30,2,4,Virat Kohli,Mohammed Siraj,7
30,2,5,Suryakumar Yadav,Jasprit Bumrah,10
30,2,6,Andre Russell,Pat Cummins,5
30,2,7,Rinku Singh,Arshdeep Singh,3
30,2,8,Mohammed Siraj,Mohammed Siraj,12
30,2,9,Andre Russell,Pat Cummins,4
30,2,10,Shubman Gill,Pat Cummins,6
30,2,11,Jasprit Bumrah,Rashid Khan,4
30,2,12,Mohammed Siraj,Pat Cummins,9
30,2,13,MS Dhoni,Mohammed Siraj,9
30,2,14,Yashasvi Jaiswal,Mohammed Siraj,6
30,2,15,Pat Cummins,Mohammed Siraj,8
30,2,16,Jasprit Bumrah,Arshdeep Singh,6
30,2,17,Virat Kohli,Jasprit Bumrah,11
30,2,18,Pat Cummins,Arshdeep Singh,13
30,2,19,Sanju Samson,Jasprit Bumrah,6
30,2,20,Andre Russell,Arshdeep Singh,13
31,1,1,Travis Head,Mohammed Siraj,4
31,1,2,Rinku Singh,Jasprit Bumrah,11
31,1,3,Pat Cummins,Pat Cummins,11
31,1,4,Rishabh Pant,Arshdeep Singh,11
31,1,5,Rinku Singh,Rashid Khan,3
31,1,6,Jasprit Bumrah,Jasprit Bumrah,8
31,1,7,Shubman Gill,Pat Cummins,4
31,1,8,Virat Kohli,Jasprit Bumrah,11
31,1,9,Yashasvi Jaiswal,Arshdeep Singh,6
31,1,10,Yashasvi Jaiswal,Pat Cummins,4
31,1,11,KL Rahul,Jasprit Bumrah,14
31,1,12,Suryakumar Yadav,Jasprit Bumrah,14
31,1,13,Andre Russell,Jasprit Bumrah,10
31,1,14,MS Dhoni,Jasprit Bumrah,4
31,1,15,Shreyas Iyer,Pat Cummins,5
31,1,16,Arshdeep Singh,Rashid Khan,4
31,1,17,KL Rahul,Arshdeep Singh,7
31,1,18,Travis Head,Arshdeep Singh,10
31,1,19,Virat Kohli,Arshdeep Singh,8
31,1,20,Ruturaj Gaikwad,Pat Cummins,13
31,2,1,MS Dhoni,Pat Cummins,3
31,2,2,MS Dhoni,Mohammed Siraj,3
31,2,3,Ruturaj Gaikwad,Mohammed Siraj,11
31,2,4,Rinku Singh,Pat Cummins,13
31,2,5,Rinku Singh,Arshdeep Singh,4
31,2,6,Travis Head,Jasprit Bumrah,9
31,2,7,Shubman Gill,Pat Cummins,10
31,2,8,Suryakumar Yadav,Arshdeep Singh,6
31,2,9,Rinku Singh,Rashid Khan,11
31,2,10,Pat Cummins,Jasprit Bumrah,7
31,2,11,Mohammed Siraj,Rashid Khan,11
31,2,12,Rohit Sharma,Jasprit Bumrah,4
31,2,13,Travis Head,Pat Cummins,12
31,2,14,MS Dhoni,Mohammed Siraj,11
31,2,15,Pat Cummins,Rashid Khan,6
31,2,16,Jasprit Bumrah,Rashid Khan,9
31,2,17,Shubman Gill,Rashid Khan,5
31,2,18,Shreyas Iyer,Rashid Khan,12
31,2,19,Shubman Gill,Pat Cummins,4
31,2,20,Mohammed Siraj,Arshdeep Singh,3
32,1,1,Mohammed Siraj,Jasprit Bumrah,13
32,1,2,MS Dhoni,Mohammed Siraj,7
32,1,3,Yashasvi Jaiswal,Pat Cummins,4
32,1,4,Andre Russell,Mohammed Siraj,10
32,1,5,Sanju Samson,Jasprit Bumrah,5
32,1,6,MS Dhoni,Rashid Khan,7
32,1,7,Rashid Khan,Arshdeep Singh,8
32,1,8,Rinku Singh,Pat Cummins,8
32,1,9,Arshdeep Singh,Pat Cummins,5
32,1,10,Andre Russell,Arshdeep Singh,8
32,1,11,Virat Kohli,Mohammed Siraj,5
32,1,12,Sanju Samson,Arshdeep Singh,6
32,1,13,Pat Cummins,Rashid Khan,7
32,1,14,Andre Russell,Arshdeep Singh,13
32,1,15,Rishabh Pant,Mohammed Siraj,10
32,1,16,Rashid Khan,Pat Cummins,7
32,1,17,Shubman Gill,Pat Cummins,4
32,1,18,Shreyas Iyer,Rashid Khan,4
32,1,19,Yashasvi Jaiswal,Mohammed Siraj,11
32,1,20,MS Dhoni,Jasprit Bumrah,14
32,2,1,Jasprit Bumrah,Jasprit Bumrah,3
32,2,2,Arshdeep Singh,Arshdeep Singh,12
32,2,3,Yashasvi Jaiswal,Jasprit Bumrah,12
32,2,4,Shreyas Iyer,Pat Cummins,11
32,2,5,Rashid Khan,Rashid Khan,11
32,2,6,Travis Head,Rashid Khan,8
32,2,7,Rinku Singh,Rashid Khan,12
32,2,8,Jasprit Bumrah,Pat Cummins,10
32,2,9,Travis Head,Mohammed Siraj,4
32,2,10,Virat Kohli,Rashid Khan,11
32,2,11,Shubman Gill,Pat Cummins,12
32,2,12,Rishabh Pant,Rashid Khan,5
32,2,13,Arshdeep Singh,Pat Cummins,5
32,2,14,Suryakumar Yadav,Arshdeep Singh,13
32,2,15,Rohit Sharma,Rashid Khan,8
32,2,16,Sanju Samson,Jasprit Bumrah,10
32,2,17,Pat Cummins,Rashid Khan,7
32,2,18,Yashasvi Jaiswal,Pat Cummins,3
32,2,19,Travis Head,Arshdeep Singh,8
32,2,20,Rohit Sharma,Jasprit Bumrah,10
33,1,1,Andre Russell,Jasprit Bumrah,13
33,1,2,Jasprit Bumrah,Mohammed Siraj,14
33,1,3,Shreyas Iyer,Pat Cummins,14
33,1,4,Arshdeep Singh,Rashid Khan,11
33,1,5,Travis Head,Mohammed Siraj,9
33,1,6,MS Dhoni,Pat Cummins,12
33,1,7,Travis Head,Rashid Khan,7
33,1,8,Travis Head,Mohammed Siraj,11
33,1,9,Rashid Khan,Arshdeep Singh,8
33,1,10,Virat Kohli,Pat Cummins,12
33,1,11,Rishabh Pant,Rashid Khan,5
33,1,12,MS Dhoni,Pat Cummins,6
33,1,13,Shreyas Iyer,Rashid Khan,13
33,1,14,Shubman Gill,Rashid Khan,5
33,1,15,Ruturaj Gaikwad,Rashid Khan,8
33,1,16,Andre Russell,Jasprit Bumrah,9
33,1,17,Rashid Khan,Arshdeep Singh,10
33,1,18,Arshdeep Singh,Rashid Khan,6
33,1,19,KL Rahul,Jasprit Bumrah,13
33,1,20,Rohit Sharma,Rashid Khan,6
33,2,1,Arshdeep Singh,Rashid Khan,12
33,2,2,Jasprit Bumrah,Jasprit Bumrah,5
33,2,3,Suryakumar Yadav,Jasprit Bumrah,12
33,2,4,Shreyas Iyer,Rashid Khan,5
33,2,5,Travis Head,Pat Cummins,11
33,2,6,Virat Kohli,Mohammed Siraj,12
33,2,7,Yashasvi Jaiswal,Arshdeep Singh,4
33,2,8,Rashid Khan,Arshdeep Singh,12
33,2,9,Sanju Samson,Arshdeep Singh,5
33,2,10,Suryakumar Yadav,Pat Cummins,12
33,2,11,Jasprit Bumrah,Mohammed Siraj,5
33,2,12,Andre Russell,Arshdeep Singh,5
33,2,13,Arshdeep Singh,Jasprit Bumrah,12
33,2,14,Travis Head,Arshdeep Singh,6
33,2,15,Ruturaj Gaikwad,Jasprit Bumrah,5
33,2,16,Jasprit Bumrah,Pat Cummins,6
33,2,17,KL Rahul,Rashid Khan,13
33,2,18,Ruturaj Gaikwad,Rashid Khan,12
33,2,19,Rohit Sharma,Pat Cummins,10
33,2,20,Ruturaj Gaikwad,Jasprit Bumrah,11
34,1,1,Suryakumar Yadav,Pat Cummins,10
34,1,2,Virat Kohli,Arshdeep Singh,11
34,1,3,KL Rahul,Mohammed Siraj,11
34,1,4,Jasprit Bumrah,Arshdeep Singh,3
34,1,5,Rashid Khan,Arshdeep Singh,6
34,1,6,Arshdeep Singh,Pat Cummins,8
34,1,7,KL Rahul,Rashid Khan,4
34,1,8,Rashid Khan,Rashid Khan,7
34,1,9,Rinku Singh,Pat Cummins,4
34,1,10,KL Rahul,Mohammed Siraj,11
34,1,11,Virat Kohli,Jasprit Bumrah,6
34,1,12,Jasprit Bumrah,Jasprit Bumrah,12
34,1,13,Virat Kohli,Arshdeep Singh,11
34,1,14,Yashasvi Jaiswal,Mohammed Siraj,13
34,1,15,Pat Cummins,Jasprit Bumrah,9
34,1,16,KL Rahul,Pat Cummins,5
34,1,17,Shreyas Iyer,Pat Cummins,7
34,1,18,Arshdeep Singh,Mohammed Siraj,9
34,1,19,Shreyas Iyer,Arshdeep Singh,12
34,1,20,KL Rahul,Pat Cummins,6
34,2,1,Rashid Khan,Rashid Khan,11
34,2,2,Mohammed Siraj,Pat Cummins,8
34,2,3,Shreyas Iyer,Mohammed Siraj,10
34,2,4,Pat Cummins,Arshdeep Singh,12
34,2,5,Suryakumar Yadav,Jasprit Bumrah,14
34,2,6,Sanju Samson,Arshdeep Singh,14
34,2,7,Shubman Gill,Jasprit Bumrah,14
34,2,8,Jasprit Bumrah,Arshdeep Singh,6
34,2,9,Mohammed Siraj,Pat Cummins,8
34,2,10,Rohit Sharma,Rashid Khan,14
34,2,11,Virat Kohli,Jasprit Bumrah,9
34,2,12,Rashid Khan,Pat Cummins,5
34,2,13,MS Dhoni,Jasprit Bumrah,9
34,2,14,Sanju Samson,Mohammed Siraj,7
34,2,15,Rohit Sharma,Arshdeep Singh,4
34,2,16,Jasprit Bumrah,Mohammed Siraj,9
34,2,17,Rohit Sharma,Rashid Khan,14
34,2,18,Rashid Khan,Arshdeep Singh,13
34,2,19,Yashasvi Jaiswal,Pat Cummins,3
34,2,20,Yashasvi Jaiswal,Jasprit Bumrah,7
35,1,1,Jasprit Bumrah,Pat Cummins,12
35,1,2,Sanju Samson,Pat Cummins,14
35,1,3,Rohit Sharma,Mohammed Siraj,5
35,1,4,Virat Kohli,Rashid Khan,6
35,1,5,Shreyas Iyer,Arshdeep Singh,4
35,1,6,Travis Head,Arshdeep Singh,8
35,1,7,Yashasvi Jaiswal,Pat Cummins,12
35,1,8,MS Dhoni,Jasprit Bumrah,3
35,1,9,Rinku Singh,Pat Cummins,11
35,1,10,Pat Cummins,Mohammed Siraj,12
35,1,11,Sanju Samson,Pat Cummins,7
35,1,12,Rishabh Pant,Arshdeep Singh,6
35,1,13,Virat Kohli,Mohammed Siraj,12
35,1,14,KL Rahul,Pat Cummins,5
35,1,15,Mohammed Siraj,Jasprit Bumrah,4
35,1,16,Rinku Singh,Mohammed Siraj,11
35,1,17,Jasprit Bumrah,Mohammed Siraj,4
35,1,18,Arshdeep Singh,Mohammed Siraj,11
35,1,19,Rishabh Pant,Arshdeep Singh,14
35,1,20,Rashid Khan,Rashid Khan,12
35,2,1,Rishabh Pant,Arshdeep Singh,8
35,2,2,Virat Kohli,Arshdeep Singh,12
35,2,3,Shreyas Iyer,Jasprit Bumrah,4
35,2,4,Sanju Samson,Rashid Khan,9
35,2,5,KL Rahul,Mohammed Siraj,8
35,2,6,Mohammed Siraj,Jasprit Bumrah,11
35,2,7,Shreyas Iyer,Rashid Khan,14
35,2,8,MS Dhoni,Arshdeep Singh,7
35,2,9,Andre Russell,Jasprit Bumrah,13
35,2,10,Shubman Gill,Arshdeep Singh,11
35,2,11,Pat Cummins,Rashid Khan,8
35,2,12,Shreyas Iyer,Rashid Khan,12
35,2,13,Yashasvi Jaiswal,Arshdeep Singh,14
35,2,14,Yashasvi Jaiswal,Rashid Khan,14
35,2,15,Sanju Samson,Mohammed Siraj,14
35,2,16,Sanju Samson,Rashid Khan,6
35,2,17,Pat Cummins,Rashid Khan,6
35,2,18,Ruturaj Gaikwad,Jasprit Bumrah,4
35,2,19,Rashid Khan,Pat Cummins,13
35,2,20,Mohammed Siraj,Jasprit Bumrah,3
36,1,1,Pat Cummins,Pat Cummins,10
36,1,2,Rashid Khan,Pat Cummins,8
36,1,3,Rashid Khan,Rashid Khan,7
36,1,4,Shreyas Iyer,Arshdeep Singh,11
36,1,5,Arshdeep Singh,Rashid Khan,6
36,1,6,Jasprit Bumrah,Arshdeep Singh,3
36,1,7,Mohammed Siraj,Jasprit Bumrah,10
36,1,8,Pat Cummins,Arshdeep Singh,11
36,1,9,Shubman Gill,Arshdeep Singh,13
36,1,10,Jasprit Bumrah,Arshdeep Singh,4
36,1,11,Virat Kohli,Jasprit Bumrah,8
36,1,12,Yashasvi Jaiswal,Arshdeep Singh,13
36,1,13,Ruturaj Gaikwad,Mohammed Siraj,12
36,1,14,Shreyas Iyer,Rashid Khan,8
36,1,15,Shreyas Iyer,Rashid Khan,11
36,1,16,Rashid Khan,Pat Cummins,7
36,1,17,Pat Cummins,Rashid Khan,8
36,1,18,KL Rahul,Rashid Khan,10
36,1,19,Pat Cummins,Mohammed Siraj,9
36,1,20,Shreyas Iyer,Arshdeep Singh,9
36,2,1,Arshdeep Singh,Rashid Khan,5
36,2,2,Sanju Samson,Jasprit Bumrah,12
36,2,3,Shreyas Iyer,Rashid Khan,14
36,2,4,KL Rahul,Arshdeep Singh,11
36,2,5,Suryakumar Yadav,Rashid Khan,6
36,2,6,Virat Kohli,Rashid Khan,10
36,2,7,Rashid Khan,Rashid Khan,9
36,2,8,Jasprit Bumrah,Pat Cummins,13
36,2,9,Andre Russell,Arshdeep Singh,14
36,2,10,Shreyas Iyer,Pat Cummins,7
36,2,11,Rohit Sharma,Arshdeep Singh,12
36,2,12,Shubman Gill,Jasprit Bumrah,4
36,2,13,Shreyas Iyer,Arshdeep Singh,6
36,2,14,Ruturaj Gaikwad,Arshdeep Singh,13
36,2,15,Andre Russell,Mohammed Siraj,14
36,2,16,Pat Cummins,Pat Cummins,8
36,2,17,Shreyas Iyer,Mohammed Siraj,11
36,2,18,KL Rahul,Jasprit Bumrah,3
36,2,19,Yashasvi Jaiswal,Pat Cummins,8
36,2,20,Mohammed Siraj,Rashid Khan,12
37,1,1,Pat Cummins,Mohammed Siraj,7
37,1,2,Jasprit Bumrah,Arshdeep Singh,13
37,1,3,Rishabh Pant,Jasprit Bumrah,14
37,1,4,Rinku Singh,Arshdeep Singh,9
37,1,5,Suryakumar Yadav,Rashid Khan,13
37,1,6,Andre Russell,Arshdeep Singh,13
37,1,7,Arshdeep Singh,Arshdeep Singh,13
37,1,8,MS Dhoni,Rashid Khan,4
37,1,9,Sanju Samson,Mohammed Siraj,8
37,1,10,Rinku Singh,Mohammed Siraj,8
37,1,11,Travis Head,Mohammed Siraj,12
37,1,12,Pat Cummins,Pat Cummins,10
37,1,13,Rishabh Pant,Arshdeep Singh,11
37,1,14,Shubman Gill,Jasprit Bumrah,5
37,1,15,Sanju Samson,Mohammed Siraj,5
37,1,16,MS Dhoni,Rashid Khan,14
37,1,17,Travis Head,Jasprit Bumrah,5
37,1,18,MS Dhoni,Arshdeep Singh,4
37,1,19,Rohit Sharma,Jasprit Bumrah,11
37,1,20,Jasprit Bumrah,Jasprit Bumrah,9
37,2,1,Shreyas Iyer,Pat Cummins,4
37,2,2,MS Dhoni,Arshdeep Singh,5
37,2,3,Sanju Samson,Rashid Khan,7
37,2,4,Rinku Singh,Arshdeep Singh,14
37,2,5,Suryakumar Yadav,Rashid Khan,13
37,2,6,Shubman Gill,Jasprit Bumrah,11
37,2,7,Pat Cummins,Mohammed Siraj,3
37,2,8,Rishabh Pant,Pat Cummins,10
37,2,9,Mohammed Siraj,Arshdeep Singh,7
37,2,10,Mohammed Siraj,Rashid Khan,5
37,2,11,Rishabh Pant,Pat Cummins,12
37,2,12,Jasprit Bumrah,Pat Cummins,9
37,2,13,Pat Cummins,Arshdeep Singh,7
37,2,14,Sanju Samson,Jasprit Bumrah,11
37,2,15,Rinku Singh,Mohammed Siraj,10
37,2,16,Shreyas Iyer,Rashid Khan,9
37,2,17,Virat Kohli,Jasprit Bumrah,7
37,2,18,Suryakumar Yadav,Mohammed Siraj,11
37,2,19,Rashid Khan,Pat Cummins,7
37,2,20,Rashid Khan,Arshdeep Singh,3
38,1,1,Virat Kohli,Arshdeep Singh,7
38,1,2,Sanju Samson,Jasprit Bumrah,7
38,1,3,Pat Cummins,Rashid Khan,11
38,1,4,Mohammed Siraj,Arshdeep Singh,9
38,1,5,Sanju Samson,Rashid Khan,9
38,1,6,Travis Head,Arshdeep Singh,14
38,1,7,Shreyas Iyer,Jasprit Bumrah,6
38,1,8,Sanju Samson,Pat Cummins,9
38,1,9,Shreyas Iyer,Mohammed Siraj,12
38,1,10,Mohammed Siraj,Mohammed Siraj,13
38,1,11,Yashasvi Jaiswal,Jasprit Bumrah,9
38,1,12,Suryakumar Yadav,Mohammed Siraj,5
38,1,13,Rishabh Pant,Pat Cummins,4
38,1,14,Shreyas Iyer,Pat Cummins,10
38,1,15,Yashasvi Jaiswal,Mohammed Siraj,10
38,1,16,Suryakumar Yadav,Jasprit Bumrah,3
38,1,17,Virat Kohli,Rashid Khan,11
38,1,18,Rinku Singh,Mohammed Siraj,4
38,1,19,Rishabh Pant,Jasprit Bumrah,5
38,1,20,MS Dhoni,Rashid Khan,6
38,2,1,Rashid Khan,Rashid Khan,3
38,2,2,KL Rahul,Mohammed Siraj,8
38,2,3,Pat Cummins,Arshdeep Singh,10
38,2,4,Rohit Sharma,Mohammed Siraj,14
38,2,5,Suryakumar Yadav,Jasprit Bumrah,4
38,2,6,Travis Head,Jasprit Bumrah,7
38,2,7,Rashid Khan,Rashid Khan,11
38,2,8,Shreyas Iyer,Arshdeep Singh,6
38,2,9,Ruturaj Gaikwad,Rashid Khan,3
38,2,10,Rishabh Pant,Rashid Khan,9
38,2,11,Rohit Sharma,Rashid Khan,14
38,2,12,Ruturaj Gaikwad,Pat Cummins,10
38,2,13,Yashasvi Jaiswal,Arshdeep Singh,13
38,2,14,Rinku Singh,Mohammed Siraj,9
38,2,15,Rohit Sharma,Pat Cummins,5
38,2,16,Ruturaj Gaikwad,Mohammed Siraj,11
38,2,17,Rinku Singh,Rashid Khan,10
38,2,18,Rohit Sharma,Rashid Khan,8
38,2,19,Sanju Samson,Arshdeep Singh,4
38,2,20,Virat Kohli,Rashid Khan,8
39,1,1,Arshdeep Singh,Jasprit Bumrah,7
39,1,2,Sanju Samson,Jasprit Bumrah,9
39,1,3,Arshdeep Singh,Arshdeep Singh,3
39,1,4,Suryakumar Yadav,Mohammed Siraj,14
39,1,5,Sanju Samson,Rashid Khan,4
39,1,6,MS Dhoni,Pat Cummins,10
39,1,7,Rohit Sharma,Jasprit Bumrah,8
39,1,8,Suryakumar Yadav,Pat Cummins,8
39,1,9,Suryakumar Yadav,Arshdeep Singh,4
39,1,10,Andre Russell,Pat Cummins,6
39,1,11,Pat Cummins,Arshdeep Singh,13
39,1,12,Yashasvi Jaiswal,Jasprit Bumrah,14
39,1,13,Travis Head,Mohammed Siraj,14
39,1,14,Suryakumar Yadav,Mohammed Siraj,14
39,1,15,Rashid Khan,Arshdeep Singh,3
39,1,16,Rinku Singh,Pat Cummins,11
39,1,17,Rashid Khan,Rashid Khan,14
39,1,18,Shubman Gill,Pat Cummins,12
39,1,19,Andre Russell,Arshdeep Singh,8
39,1,20,Mohammed Siraj,Rashid Khan,7
39,2,1,Jasprit Bumrah,Rashid Khan,4
39,2,2,Rinku Singh,Mohammed Siraj,10
39,2,3,Pat Cummins,Arshdeep Singh,11
39,2,4,Jasprit Bumrah,Arshdeep Singh,3
39,2,5,Shubman Gill,Jasprit Bumrah,14
39,2,6,Pat Cummins,Pat Cummins,12
39,2,7,Andre Russell,Jasprit Bumrah,6
39,2,8,Mohammed Siraj,Arshdeep Singh,13
39,2,9,Jasprit Bumrah,Arshdeep Singh,6
39,2,10,Suryakumar Yadav,Pat Cummins,11
39,2,11,Andre Russell,Arshdeep Singh,7
39,2,12,Andre Russell,Jasprit Bumrah,13
39,2,13,Jasprit Bumrah,Jasprit Bumrah,4
39,2,14,Suryakumar Yadav,Rashid Khan,3
39,2,15,Yashasvi Jaiswal,Jasprit Bumrah,3
39,2,16,Yashasvi Jaiswal,Jasprit Bumrah,10
39,2,17,Arshdeep Singh,Arshdeep Singh,3
39,2,18,Rashid Khan,Pat Cummins,13
39,2,19,Arshdeep Singh,Mohammed Siraj,12
39,2,20,Pat Cummins,Rashid Khan,3
40,1,1,MS Dhoni,Jasprit Bumrah,12
40,1,2,Rashid Khan,Jasprit Bumrah,6
40,1,3,Rohit Sharma,Mohammed Siraj,10
40,1,4,KL Rahul,Mohammed Siraj,11
40,1,5,Rohit Sharma,Pat Cummins,14
40,1,6,Jasprit Bumrah,Jasprit Bumrah,7
40,1,7,MS Dhoni,Mohammed Siraj,14
40,1,8,Yashasvi Jaiswal,Pat Cummins,4
40,1,9,Ruturaj Gaikwad,Rashid Khan,4
40,1,10,Travis Head,Rashid Khan,11
40,1,11,Jasprit Bumrah,Rashid Khan,6
40,1,12,Shubman Gill,Pat Cummins,12
40,1,13,Mohammed Siraj,Arshdeep Singh,14
40,1,14,Ruturaj Gaikwad,Pat Cummins,14
40,1,15,Rishabh Pant,Arshdeep Singh,8
40,1,16,Shubman Gill,Rashid Khan,4
40,1,17,Travis Head,Pat Cummins,11
40,1,18,Shubman Gill,Pat Cummins,8
40,1,19,Rishabh Pant,Mohammed Siraj,12
40,1,20,Mohammed Siraj,Mohammed Siraj,8
40,2,1,KL Rahul,Arshdeep Singh,8
40,2,2,Andre Russell,Pat Cummins,14
40,2,3,Arshdeep Singh,Pat Cummins,6
40,2,4,Travis Head,Pat Cummins,6
40,2,5,Shreyas Iyer,Mohammed Siraj,14
40,2,6,Rishabh Pant,Arshdeep Singh,10
40,2,7,Rohit Sharma,Mohammed Siraj,3
40,2,8,Virat Kohli,Pat Cummins,12
40,2,9,Rinku Singh,Jasprit Bumrah,5
40,2,10,Sanju Samson,Rashid Khan,7
40,2,11,Virat Kohli,Mohammed Siraj,8
40,2,12,Jasprit Bumrah,Pat Cummins,11
40,2,13,Arshdeep Singh,Rashid Khan,12
40,2,14,Rohit Sharma,Arshdeep Singh,4
40,2,15,Suryakumar Yadav,Rashid Khan,8
40,2,16,Pat Cummins,Pat Cummins,7
40,2,17,Sanju Samson,Mohammed Siraj,6
40,2,18,MS Dhoni,Pat Cummins,7
40,2,19,Arshdeep Singh,Rashid Khan,9
40,2,20,MS Dhoni,Mohammed Siraj,14
41,1,1,Shubman Gill,Arshdeep Singh,10
41,1,2,Arshdeep Singh,Jasprit Bumrah,14
41,1,3,Rinku Singh,Jasprit Bumrah,12
41,1,4,Arshdeep Singh,Arshdeep Singh,14
41,1,5,Rohit Sharma,Mohammed Siraj,4
41,1,6,KL Rahul,Arshdeep Singh,8
41,1,7,Sanju Samson,Pat Cummins,4
41,1,8,Travis Head,Jasprit Bumrah,3
41,1,9,Jasprit Bumrah,Jasprit Bumrah,7
41,1,10,Mohammed Siraj,Pat Cummins,8
41,1,11,Andre Russell,Pat Cummins,5
41,1,12,Sanju Samson,Rashid Khan,14
41,1,13,Travis Head,Arshdeep Singh,3
41,1,14,Arshdeep Singh,Pat Cummins,12
41,1,15,Sanju Samson,Arshdeep Singh,4
41,1,16,Travis Head,Rashid Khan,7
41,1,17,Andre Russell,Jasprit Bumrah,5
41,1,18,Arshdeep Singh,Jasprit Bumrah,10
41,1,19,Travis Head,Mohammed Siraj,11
41,1,20,Travis Head,Pat Cummins,4
41,2,1,Suryakumar Yadav,Rashid Khan,9
41,2,2,Mohammed Siraj,Rashid Khan,10
41,2,3,Travis Head,Pat Cummins,10
41,2,4,Mohammed Siraj,Pat Cummins,6
41,2,5,Jasprit Bumrah,Rashid Khan,14
41,2,6,MS Dhoni,Mohammed Siraj,6
41,2,7,Andre Russell,Pat Cummins,9
41,2,8,Ruturaj Gaikwad,Arshdeep Singh,4
41,2,9,Pat Cummins,Mohammed Siraj,9
41,2,10,Andre Russell,Mohammed Siraj,6
41,2,11,Virat Kohli,Mohammed Siraj,12
41,2,12,Pat Cummins,Pat Cummins,5
41,2,13,Suryakumar Yadav,Arshdeep Singh,10
41,2,14,Sanju Samson,Rashid Khan,3
41,2,15,Pat Cummins,Rashid Khan,13
41,2,16,MS Dhoni,Jasprit Bumrah,14
41,2,17,Rohit Sharma,Rashid Khan,14
41,2,18,Suryakumar Yadav,Mohammed Siraj,12
41,2,19,Andre Russell,Jasprit Bumrah,3
41,2,20,Rishabh Pant,Arshdeep Singh,7
42,1,1,Andre Russell,Rashid Khan,3
42,1,2,Mohammed Siraj,Rashid Khan,14
42,1,3,Mohammed Siraj,Pat Cummins,6
42,1,4,Mohammed Siraj,Arshdeep Singh,7
42,1,5,Suryakumar Yadav,Jasprit Bumrah,12
42,1,6,Arshdeep Singh,Pat Cummins,9
42,1,7,Shreyas Iyer,Rashid Khan,3
42,1,8,Rinku Singh,Rashid Khan,3
42,1,9,Shreyas Iyer,Jasprit Bumrah,14
42,1,10,Virat Kohli,Jasprit Bumrah,10
42,1,11,Shreyas Iyer,Mohammed Siraj,9
42,1,12,Virat Kohli,Mohammed Siraj,4
42,1,13,Travis Head,Rashid Khan,13
42,1,14,Jasprit Bumrah,Jasprit Bumrah,9
42,1,15,Rashid Khan,Pat Cummins,8
42,1,16,MS Dhoni,Rashid Khan,11
42,1,17,Jasprit Bumrah,Arshdeep Singh,6
42,1,18,Virat Kohli,Jasprit Bumrah,11
42,1,19,Jasprit Bumrah,Mohammed Siraj,6
42,1,20,Rashid Khan,Arshdeep Singh,8
42,2,1,Shubman Gill,Jasprit Bumrah,14
42,2,2,Pat Cummins,Mohammed Siraj,8
42,2,3,Rinku Singh,Rashid Khan,13
42,2,4,Shreyas Iyer,Jasprit Bumrah,11
42,2,5,Shreyas Iyer,Arshdeep Singh,13
42,2,6,Mohammed Siraj,Mohammed Siraj,3
42,2,7,Suryakumar Yadav,Mohammed Siraj,6
42,2,8,Suryakumar Yadav,Jasprit Bumrah,9
42,2,9,Travis Head,Pat Cummins,14
42,2,10,Sanju Samson,Arshdeep Singh,13
42,2,11,Arshdeep Singh,Rashid Khan,6
42,2,12,Rinku Singh,Pat Cummins,9
42,2,13,Rishabh Pant,Pat Cummins,8
42,2,14,Yashasvi Jaiswal,Rashid Khan,5
42,2,15,Mohammed Siraj,Rashid Khan,12
42,2,16,Rinku Singh,Pat Cummins,5
42,2,17,KL Rahul,Rashid Khan,5
42,2,18,Arshdeep Singh,Rashid Khan,13
42,2,19,MS Dhoni,Pat Cummins,8
42,2,20,Ruturaj Gaikwad,Rashid Khan,11
43,1,1,Suryakumar Yadav,Jasprit Bumrah,8
43,1,2,KL Rahul,Arshdeep Singh,8
43,1,3,Rishabh Pant,Mohammed Siraj,7
43,1,4,Yashasvi Jaiswal,Jasprit Bumrah,5
43,1,5,Shubman Gill,Jasprit Bumrah,5
43,1,6,Shreyas Iyer,Pat Cummins,12
43,1,7,Sanju Samson,Pat Cummins,12
43,1,8,Sanju Samson,Jasprit Bumrah,6
43,1,9,MS Dhoni,Arshdeep Singh,8
43,1,10,Jasprit Bumrah,Pat Cummins,5
43,1,11,Pat Cummins,Rashid Khan,10
43,1,12,Rashid Khan,Arshdeep Singh,9
43,1,13,Shubman Gill,Rashid Khan,5
43,1,14,Rohit Sharma,Arshdeep Singh,6
43,1,15,Shreyas Iyer,Arshdeep Singh,3
43,1,16,Yashasvi Jaiswal,Rashid Khan,6
43,1,17,Shubman Gill,Arshdeep Singh,4
43,1,18,Rashid Khan,Mohammed Siraj,12
43,1,19,Sanju Samson,Arshdeep Singh,10
43,1,20,Rohit Sharma,Pat Cummins,9
43,2,1,Travis Head,Mohammed Siraj,14
43,2,2,Arshdeep Singh,Pat Cummins,9
43,2,3,Jasprit Bumrah,Jasprit Bumrah,11
43,2,4,Ruturaj Gaikwad,Arshdeep Singh,11
43,2,5,Rohit Sharma,Rashid Khan,10
43,2,6,Mohammed Siraj,Arshdeep Singh,11
43,2,7,Rohit Sharma,Pat Cummins,14
43,2,8,Jasprit Bumrah,Jasprit Bumrah,9
43,2,9,Rinku Singh,Arshdeep Singh,6
43,2,10,Rinku Singh,Mohammed Siraj,9
43,2,11,Shubman Gill,Arshdeep Singh,10
43,2,12,Rohit Sharma,Pat Cummins,7
43,2,13,Rishabh Pant,Arshdeep Singh,5
43,2,14,Jasprit Bumrah,Jasprit Bumrah,4
43,2,15,Arshdeep Singh,Pat Cummins,5
43,2,16,Travis Head,Arshdeep Singh,5
43,2,17,Rishabh Pant,Jasprit Bumrah,8
43,2,18,Rishabh Pant,Pat Cummins,5
43,2,19,Yashasvi Jaiswal,Arshdeep Singh,14
43,2,20,Shreyas Iyer,Mohammed Siraj,4
44,1,1,Shubman Gill,Jasprit Bumrah,14
44,1,2,Ruturaj Gaikwad,Arshdeep Singh,4
44,1,3,Pat Cummins,Jasprit Bumrah,13
44,1,4,Travis Head,Pat Cummins,11
44,1,5,Shubman Gill,Arshdeep Singh,12
44,1,6,Travis Head,Jasprit Bumrah,11
44,1,7,Andre Russell,Pat Cummins,5
44,1,8,Suryakumar Yadav,Rashid Khan,13
44,1,9,Shubman Gill,Jasprit Bumrah,5
44,1,10,Rinku Singh,Mohammed Siraj,9
44,1,11,Rishabh Pant,Mohammed Siraj,14
44,1,12,Shubman Gill,Jasprit Bumrah,13
44,1,13,Yashasvi Jaiswal,Jasprit Bumrah,5
44,1,14,Shreyas Iyer,Jasprit Bumrah,12
44,1,15,Rashid Khan,Arshdeep Singh,10
44,1,16,Virat Kohli,Pat Cummins,11
44,1,17,Sanju Samson,Rashid Khan,10
44,1,18,Rashid Khan,Arshdeep Singh,12
44,1,19,Rishabh Pant,Jasprit Bumrah,9
44,1,20,Virat Kohli,Rashid Khan,12
44,2,1,Shreyas Iyer,Pat Cummins,11
44,2,2,Mohammed Siraj,Rashid Khan,13
44,2,3,Shubman Gill,Rashid Khan,3
44,2,4,Pat Cummins,Jasprit Bumrah,3
44,2,5,Rohit Sharma,Pat Cummins,5
44,2,6,Rinku Singh,Mohammed Siraj,12
44,2,7,Rohit Sharma,Jasprit Bumrah,4
44,2,8,Shubman Gill,Rashid Khan,9
44,2,9,Rinku Singh,Pat Cummins,13
44,2,10,Arshdeep Singh,Pat Cummins,13
44,2,11,Rishabh Pant,Pat Cummins,5
44,2,12,Rohit Sharma,Jasprit Bumrah,8
44,2,13,Andre Russell,Mohammed Siraj,7
44,2,14,MS Dhoni,Arshdeep Singh,9
44,2,15,MS Dhoni,Mohammed Siraj,11
44,2,16,Suryakumar Yadav,Jasprit Bumrah,10
44,2,17,Shreyas Iyer,Mohammed Siraj,14
44,2,18,KL Rahul,Pat Cummins,11
44,2,19,Yashasvi Jaiswal,Pat Cummins,6
44,2,20,Ruturaj Gaikwad,Pat Cummins,3
45,1,1,Jasprit Bumrah,Jasprit Bumrah,14
45,1,2,Rinku Singh,Arshdeep Singh,10
45,1,3,Andre Russell,Mohammed Siraj,12
45,1,4,Arshdeep Singh,Pat Cummins,11
45,1,5,Suryakumar Yadav,Pat Cummins,8
45,1,6,Rashid Khan,Pat Cummins,12
45,1,7,Rashid Khan,Arshdeep Singh,14
45,1,8,Sanju Samson,Mohammed Siraj,5
45,1,9,Virat Kohli,Jasprit Bumrah,6
45,1,10,Rishabh Pant,Jasprit Bumrah,3
45,1,11,Yashasvi Jaiswal,Pat Cummins,14
45,1,12,KL Rahul,Jasprit Bumrah,9
45,1,13,Pat Cummins,Pat Cummins,8
45,1,14,Yashasvi Jaiswal,Jasprit Bumrah,13
45,1,15,Yashasvi Jaiswal,Mohammed Siraj,13
45,1,16,MS Dhoni,Mohammed Siraj,7
45,1,17,Jasprit Bumrah,Pat Cummins,7
45,1,18,Virat Kohli,Jasprit Bumrah,8
45,1,19,Andre Russell,Mohammed Siraj,13
45,1,20,Arshdeep Singh,Pat Cummins,9
45,2,1,Shubman Gill,Rashid Khan,3
45,2,2,Andre Russell,Arshdeep Singh,8
45,2,3,Rohit Sharma,Rashid Khan,10
45,2,4,Suryakumar Yadav,Arshdeep Singh,10
45,2,5,Andre Russell,Arshdeep Singh,11
45,2,6,Rohit Sharma,Pat Cummins,9
45,2,7,Arshdeep Singh,Mohammed Siraj,7
45,2,8,Mohammed Siraj,Jasprit Bumrah,11
45,2,9,Arshdeep Singh,Mohammed Siraj,6
45,2,10,MS Dhoni,Rashid Khan,8
45,2,11,Virat Kohli,Mohammed Siraj,7
45,2,12,Mohammed Siraj,Rashid Khan,9
45,2,13,Travis Head,Rashid Khan,12
45,2,14,Ruturaj Gaikwad,Mohammed Siraj,12
45,2,15,Andre Russell,Jasprit Bumrah,14
45,2,16,KL Rahul,Jasprit Bumrah,7
45,2,17,Sanju Samson,Mohammed Siraj,10
45,2,18,Rinku Singh,Rashid Khan,10
45,2,19,Rinku Singh,Rashid Khan,11
45,2,20,Pat Cummins,Jasprit Bumrah,4
46,1,1,MS Dhoni,Arshdeep Singh,6
46,1,2,Virat Kohli,Arshdeep Singh,11
46,1,3,Suryakumar Yadav,Rashid Khan,11
46,1,4,Rashid Khan,Pat Cummins,8
46,1,5,Andre Russell,Rashid Khan,7
46,1,6,Jasprit Bumrah,Rashid Khan,4
46,1,7,Rohit Sharma,Arshdeep Singh,6
46,1,8,Jasprit Bumrah,Jasprit Bumrah,9
46,1,9,Rinku Singh,Jasprit Bumrah,3
46,1,10,MS Dhoni,Mohammed Siraj,13
46,1,11,Rohit Sharma,Jasprit Bumrah,10
46,1,12,Rinku Singh,Jasprit Bumrah,11
46,1,13,Rinku Singh,Rashid Khan,12
46,1,14,Yashasvi Jaiswal,Rashid Khan,8
46,1,15,Shreyas Iyer,Pat Cummins,7
46,1,16,Rishabh Pant,Jasprit Bumrah,8
46,1,17,Suryakumar Yadav,Rashid Khan,7
46,1,18,Ruturaj Gaikwad,Jasprit Bumrah,7
46,1,19,Mohammed Siraj,Pat Cummins,12
46,1,20,Yashasvi Jaiswal,Pat Cummins,4
46,2,1,Mohammed Siraj,Mohammed Siraj,8
46,2,2,Suryakumar Yadav,Mohammed Siraj,7
46,2,3,Sanju Samson,Rashid Khan,12
46,2,4,Rinku Singh,Pat Cummins,4
46,2,5,Mohammed Siraj,Arshdeep Singh,8
46,2,6,Suryakumar Yadav,Jasprit Bumrah,3
46,2,7,Rohit Sharma,Jasprit Bumrah,10
46,2,8,Rohit Sharma,Jasprit Bumrah,9
46,2,9,Travis Head,Rashid Khan,9
46,2,10,Arshdeep Singh,Arshdeep Singh,14
46,2,11,Pat Cummins,Mohammed Siraj,12
46,2,12,Yashasvi Jaiswal,Pat Cummins,8
46,2,13,Rishabh Pant,Pat Cummins,4
46,2,14,MS Dhoni,Arshdeep Singh,5
46,2,15,Rishabh Pant,Mohammed Siraj,4
46,2,16,Rishabh Pant,Arshdeep Singh,13
46,2,17,Sanju Samson,Rashid Khan,6
46,2,18,Shreyas Iyer,Mohammed Siraj,12
46,2,19,Shubman Gill,Mohammed Siraj,9
46,2,20,Rishabh Pant,Arshdeep Singh,8
47,1,1,MS Dhoni,Arshdeep Singh,3
47,1,2,Pat Cummins,Arshdeep Singh,4
47,1,3,Shubman Gill,Mohammed Siraj,10
47,1,4,Arshdeep Singh,Rashid Khan,8
47,1,5,Ruturaj Gaikwad,Arshdeep Singh,11
47,1,6,Ruturaj Gaikwad,Mohammed Siraj,14
47,1,7,MS Dhoni,Mohammed Siraj,11
47,1,8,Rishabh Pant,Arshdeep Singh,11
47,1,9,KL Rahul,Rashid Khan,12
47,1,10,Sanju Samson,Pat Cummins,12
47,1,11,Rashid Khan,Arshdeep Singh,5
47,1,12,Andre Russell,Rashid Khan,4
47,1,13,Arshdeep Singh,Arshdeep Singh,14
47,1,14,Arshdeep Singh,Mohammed Siraj,9
47,1,15,Sanju Samson,Rashid Khan,11
47,1,16,MS Dhoni,Pat Cummins,13
47,1,17,Ruturaj Gaikwad,Pat Cummins,10
47,1,18,Rishabh Pant,Mohammed Siraj,12
47,1,19,Ruturaj Gaikwad,Arshdeep Singh,11
47,1,20,Rinku Singh,Arshdeep Singh,5
47,2,1,Ruturaj Gaikwad,Pat Cummins,4
47,2,2,Andre Russell,Arshdeep Singh,9
47,2,3,Rohit Sharma,Jasprit Bumrah,13
47,2,4,Suryakumar Yadav,Pat Cummins,6
47,2,5,Virat Kohli,Rashid Khan,13
47,2,6,Suryakumar Yadav,Arshdeep Singh,13
47,2,7,Rinku Singh,Arshdeep Singh,11
47,2,8,Arshdeep Singh,Arshdeep Singh,12
47,2,9,Yashasvi Jaiswal,Mohammed Siraj,6
47,2,10,Arshdeep Singh,Mohammed Siraj,7
47,2,11,Pat Cummins,Jasprit Bumrah,9
47,2,12,Virat Kohli,Pat Cummins,12
47,2,13,Travis Head,Rashid Khan,11
47,2,14,Rohit Sharma,Mohammed Siraj,7
47,2,15,Rohit Sharma,Jasprit Bumrah,11
47,2,16,Mohammed Siraj,Mohammed Siraj,14
47,2,17,Rinku Singh,Jasprit Bumrah,4
47,2,18,KL Rahul,Pat Cummins,6
47,2,19,Andre Russell,Arshdeep Singh,9
47,2,20,Travis Head,Arshdeep Singh,9
48,1,1,Yashasvi Jaiswal,Rashid Khan,11
48,1,2,Suryakumar Yadav,Rashid Khan,10
48,1,3,Travis Head,Mohammed Siraj,11
48,1,4,Suryakumar Yadav,Mohammed Siraj,9
48,1,5,Suryakumar Yadav,Rashid Khan,13
48,1,6,MS Dhoni,Jasprit Bumrah,3
48,1,7,Rashid Khan,Arshdeep Singh,5
48,1,8,MS Dhoni,Rashid Khan,5
48,1,9,KL Rahul,Arshdeep Singh,13
48,1,10,KL Rahul,Pat Cummins,14
48,1,11,Rishabh Pant,Pat Cummins,5
48,1,12,Mohammed Siraj,Arshdeep Singh,9
48,1,13,Pat Cummins,Rashid Khan,9
48,1,14,KL Rahul,Pat Cummins,5
48,1,15,Arshdeep Singh,Arshdeep Singh,3
48,1,16,Sanju Samson,Pat Cummins,14
48,1,17,KL Rahul,Pat Cummins,7
48,1,18,Pat Cummins,Jasprit Bumrah,12
48,1,19,Arshdeep Singh,Arshdeep Singh,3
48,1,20,Pat Cummins,Jasprit Bumrah,14
48,2,1,Rashid Khan,Jasprit Bumrah,12
48,2,2,Jasprit Bumrah,Mohammed Siraj,5
48,2,3,Jasprit Bumrah,Jasprit Bumrah,10
48,2,4,MS Dhoni,Rashid Khan,11
48,2,5,MS Dhoni,Pat Cummins,10
48,2,6,Rinku Singh,Pat Cummins,12
48,2,7,Andre Russell,Pat Cummins,3
48,2,8,Rashid Khan,Arshdeep Singh,3
48,2,9,Rashid Khan,Pat Cummins,11
48,2,10,Andre Russell,Arshdeep Singh,14
48,2,11,Rinku Singh,Mohammed Siraj,8
48,2,12,Rohit Sharma,Pat Cummins,5
48,2,13,Rinku Singh,Pat Cummins,14
48,2,14,Rohit Sharma,Arshdeep Singh,7
48,2,15,Shubman Gill,Pat Cummins,12
48,2,16,Rinku Singh,Pat Cummins,3
48,2,17,Rinku Singh,Arshdeep Singh,3
48,2,18,Suryakumar Yadav,Pat Cummins,4
48,2,19,Shreyas Iyer,Mohammed Siraj,4
48,2,20,Shreyas Iyer,Mohammed Siraj,5
49,1,1,Virat Kohli,Jasprit Bumrah,7
49,1,2,Shubman Gill,Pat Cummins,12
49,1,3,Suryakumar Yadav,Arshdeep Singh,14
49,1,4,Shubman Gill,Mohammed Siraj,8
49,1,5,Sanju Samson,Arshdeep Singh,14
49,1,6,Jasprit Bumrah,Jasprit Bumrah,5
49,1,7,MS Dhoni,Rashid Khan,8
49,1,8,Suryakumar Yadav,Arshdeep Singh,12
49,1,9,Travis Head,Rashid Khan,9
49,1,10,Rishabh Pant,Rashid Khan,13
49,1,11,Arshdeep Singh,Mohammed Siraj,6
49,1,12,Shreyas Iyer,Jasprit Bumrah,3
49,1,13,Shubman Gill,Arshdeep Singh,3
49,1,14,Rashid Khan,Mohammed Siraj,9
49,1,15,Mohammed Siraj,Rashid Khan,10
49,1,16,Travis Head,Arshdeep Singh,9
49,1,17,Suryakumar Yadav,Pat Cummins,7
49,1,18,Virat Kohli,Mohammed Siraj,9
49,1,19,Travis Head,Mohammed Siraj,10
49,1,20,Rohit Sharma,Jasprit Bumrah,11
49,2,1,Pat Cummins,Arshdeep Singh,11
49,2,2,Shreyas Iyer,Mohammed Siraj,12
49,2,3,Shreyas Iyer,Jasprit Bumrah,7
49,2,4,Arshdeep Singh,Arshdeep Singh,7
49,2,5,Sanju Samson,Pat Cummins,10
49,2,6,Jasprit Bumrah,Mohammed Siraj,6
49,2,7,Shubman Gill,Mohammed Siraj,13
49,2,8,Virat Kohli,Jasprit Bumrah,11
49,2,9,Virat Kohli,Arshdeep Singh,4
49,2,10,Jasprit Bumrah,Jasprit Bumrah,4
49,2,11,Rishabh Pant,Mohammed Siraj,13
49,2,12,Rinku Singh,Mohammed Siraj,6
49,2,13,Rohit Sharma,Jasprit Bumrah,6
49,2,14,MS Dhoni,Jasprit Bumrah,12
49,2,15,Yashasvi Jaiswal,Pat Cummins,12
49,2,16,Ruturaj Gaikwad,Jasprit Bumrah,13
49,2,17,Suryakumar Yadav,Arshdeep Singh,4
49,2,18,Arshdeep Singh,Rashid Khan,13
49,2,19,Shubman Gill,Mohammed Siraj,4
49,2,20,Rishabh Pant,Jasprit Bumrah,7
50,1,1,Rishabh Pant,Mohammed Siraj,13
50,1,2,Andre Russell,Mohammed Siraj,9
50,1,3,MS Dhoni,Mohammed Siraj,5
50,1,4,Travis Head,Arshdeep Singh,3
50,1,5,Rohit Sharma,Mohammed Siraj,8
50,1,6,Shubman Gill,Arshdeep Singh,7
50,1,7,Rashid Khan,Rashid Khan,4
50,1,8,Travis Head,Rashid Khan,12
50,1,9,Rashid Khan,Jasprit Bumrah,13
50,1,10,Mohammed Siraj,Arshdeep Singh,5
50,1,11,Ruturaj Gaikwad,Arshdeep Singh,6
50,1,12,Shreyas Iyer,Jasprit Bumrah,14
50,1,13,MS Dhoni,Jasprit Bumrah,3
50,1,14,Shreyas Iyer,Arshdeep Singh,12
50,1,15,Rashid Khan,Rashid Khan,3
50,1,16,Virat Kohli,Jasprit Bumrah,13
50,1,17,Travis Head,Mohammed Siraj,13
50,1,18,Andre Russell,Arshdeep Singh,5
50,1,19,Virat Kohli,Pat Cummins,12
50,1,20,Rashid Khan,Arshdeep Singh,14
50,2,1,Travis Head,Jasprit Bumrah,9
50,2,2,Sanju Samson,Jasprit Bumrah,11
50,2,3,Rashid Khan,Jasprit Bumrah,9
50,2,4,Mohammed Siraj,Mohammed Siraj,12
50,2,5,Rinku Singh,Arshdeep Singh,8
50,2,6,MS Dhoni,Mohammed Siraj,3
50,2,7,Andre Russell,Jasprit Bumrah,11
50,2,8,Rinku Singh,Rashid Khan,10
50,2,9,Mohammed Siraj,Jasprit Bumrah,5
50,2,10,Yashasvi Jaiswal,Mohammed Siraj,9
50,2,11,Travis Head,Jasprit Bumrah,14
50,2,12,Pat Cummins,Arshdeep Singh,13
50,2,13,Rishabh Pant,Rashid Khan,4
50,2,14,Rohit Sharma,Rashid Khan,5
50,2,15,Arshdeep Singh,Rashid Khan,3
50,2,16,Travis Head,Jasprit Bumrah,10
50,2,17,Rinku Singh,Arshdeep Singh,11
50,2,18,Rishabh Pant,Jasprit Bumrah,11
50,2,19,Andre Russell,Jasprit Bumrah,3
50,2,20,Rohit Sharma,Arshdeep Singh,8
51,1,1,Yashasvi Jaiswal,Pat Cummins,4
51,1,2,Mohammed Siraj,Rashid Khan,10
51,1,3,Arshdeep Singh,Rashid Khan,14
51,1,4,Rohit Sharma,Rashid Khan,4
51,1,5,Virat Kohli,Arshdeep Singh,10
51,1,6,Rohit Sharma,Rashid Khan,12
51,1,7,Suryakumar Yadav,Jasprit Bumrah,14
51,1,8,Rohit Sharma,Mohammed Siraj,5
51,1,9,Rishabh Pant,Pat Cummins,4
51,1,10,Arshdeep Singh,Jasprit Bumrah,5
51,1,11,Ruturaj Gaikwad,Arshdeep Singh,4
51,1,12,Sanju Samson,Jasprit Bumrah,12
51,1,13,KL Rahul,Mohammed Siraj,6
51,1,14,Travis Head,Mohammed Siraj,14
51,1,15,Arshdeep Singh,Pat Cummins,4
51,1,16,Andre Russell,Rashid Khan,5
51,1,17,Arshdeep Singh,Rashid Khan,3
51,1,18,MS Dhoni,Jasprit Bumrah,8
51,1,19,Suryakumar Yadav,Arshdeep Singh,7
51,1,20,Pat Cummins,Pat Cummins,5
51,2,1,Rishabh Pant,Rashid Khan,5
51,2,2,Rohit Sharma,Rashid Khan,12
51,2,3,Travis Head,Rashid Khan,4
51,2,4,Rashid Khan,Jasprit Bumrah,3
51,2,5,Virat Kohli,Rashid Khan,3
51,2,6,Arshdeep Singh,Mohammed Siraj,4
51,2,7,Rashid Khan,Rashid Khan,9
51,2,8,Suryakumar Yadav,Mohammed Siraj,6
51,2,9,Rishabh Pant,Arshdeep Singh,11
51,2,10,Shubman Gill,Pat Cummins,6
51,2,11,Rohit Sharma,Pat Cummins,14
51,2,12,Rashid Khan,Pat Cummins,5
51,2,13,Rinku Singh,Mohammed Siraj,4
51,2,14,Virat Kohli,Pat Cummins,9
51,2,15,Yashasvi Jaiswal,Jasprit Bumrah,6
51,2,16,Ruturaj Gaikwad,Pat Cummins,11
51,2,17,Mohammed Siraj,Pat Cummins,8
51,2,18,Rishabh Pant,Rashid Khan,6
51,2,19,Rohit Sharma,Rashid Khan,7
51,2,20,Suryakumar Yadav,Arshdeep Singh,4
52,1,1,Shubman Gill,Rashid Khan,10
52,1,2,Rohit Sharma,Jasprit Bumrah,13
52,1,3,Pat Cummins,Mohammed Siraj,13
52,1,4,KL Rahul,Mohammed Siraj,6
52,1,5,Rishabh Pant,Jasprit Bumrah,8
52,1,6,Rohit Sharma,Pat Cummins,4
52,1,7,Shubman Gill,Jasprit Bumrah,5
52,1,8,Jasprit Bumrah,Jasprit Bumrah,10
52,1,9,Sanju Samson,Arshdeep Singh,4
52,1,10,Arshdeep Singh,Mohammed Siraj,12
52,1,11,Yashasvi Jaiswal,Mohammed Siraj,9
52,1,12,Ruturaj Gaikwad,Mohammed Siraj,6
52,1,13,Ruturaj Gaikwad,Rashid Khan,6
52,1,14,KL Rahul,Rashid Khan,14
52,1,15,Sanju Samson,Jasprit Bumrah,9
52,1,16,Arshdeep Singh,Arshdeep Singh,10
52,1,17,KL Rahul,Rashid Khan,3
52,1,18,Rishabh Pant,Rashid Khan,6
52,1,19,Pat Cummins,Rashid Khan,9
52,1,20,Yashasvi Jaiswal,Mohammed Siraj,10
52,2,1,Yashasvi Jaiswal,Mohammed Siraj,7
52,2,2,Rohit Sharma,Pat Cummins,5
52,2,3,Shreyas Iyer,Rashid Khan,3
52,2,4,Rishabh Pant,Arshdeep Singh,4
52,2,5,Shubman Gill,Mohammed Siraj,9
52,2,6,Rinku Singh,Pat Cummins,6
52,2,7,Shubman Gill,Pat Cummins,5
52,2,8,Sanju Samson,Jasprit Bumrah,11
52,2,9,Jasprit Bumrah,Arshdeep Singh,9
52,2,10,Arshdeep Singh,Arshdeep Singh,6
52,2,11,Shreyas Iyer,Jasprit Bumrah,10
52,2,12,KL Rahul,Rashid Khan,14
52,2,13,Andre Russell,Arshdeep Singh,6
52,2,14,Sanju Samson,Pat Cummins,12
52,2,15,Arshdeep Singh,Jasprit Bumrah,5
52,2,16,Rohit Sharma,Jasprit Bumrah,9
52,2,17,Jasprit Bumrah,Jasprit Bumrah,10
52,2,18,Jasprit Bumrah,Arshdeep Singh,9
52,2,19,Ruturaj Gaikwad,Arshdeep Singh,10
52,2,20,Sanju Samson,Jasprit Bumrah,10
53,1,1,Virat Kohli,Arshdeep Singh,11
53,1,2,Suryakumar Yadav,Mohammed Siraj,6
53,1,3,Sanju Samson,Jasprit Bumrah,7
53,1,4,Rashid Khan,Mohammed Siraj,3
53,1,5,Rishabh Pant,Pat Cummins,5
53,1,6,Arshdeep Singh,Jasprit Bumrah,14
53,1,7,Rishabh Pant,Rashid Khan,10
53,1,8,Travis Head,Rashid Khan,14
53,1,9,Rishabh Pant,Jasprit Bumrah,8
53,1,10,MS Dhoni,Arshdeep Singh,13
53,1,11,Andre Russell,Pat Cummins,14
53,1,12,Rinku Singh,Arshdeep Singh,3
53,1,13,Mohammed Siraj,Pat Cummins,7
53,1,14,MS Dhoni,Pat Cummins,6
53,1,15,Rohit Sharma,Pat Cummins,8
53,1,16,Pat Cummins,Jasprit Bumrah,13
53,1,17,Travis Head,Mohammed Siraj,4
53,1,18,Rohit Sharma,Mohammed Siraj,10
53,1,19,Shubman Gill,Pat Cummins,8
53,1,20,MS Dhoni,Pat Cummins,14
53,2,1,Yashasvi Jaiswal,Rashid Khan,14
53,2,2,Sanju Samson,Pat Cummins,8
53,2,3,Rashid Khan,Pat Cummins,4
53,2,4,Yashasvi Jaiswal,Rashid Khan,14
53,2,5,Pat Cummins,Mohammed Siraj,8
53,2,6,KL Rahul,Mohammed Siraj,11
53,2,7,MS Dhoni,Mohammed Siraj,3
53,2,8,Rishabh Pant,Arshdeep Singh,8
53,2,9,Jasprit Bumrah,Jasprit Bumrah,11
53,2,10,Mohammed Siraj,Pat Cummins,10
53,2,11,Rishabh Pant,Pat Cummins,7
53,2,12,MS Dhoni,Rashid Khan,8
53,2,13,MS Dhoni,Jasprit Bumrah,10
53,2,14,Shubman Gill,Mohammed Siraj,9
53,2,15,Ruturaj Gaikwad,Rashid Khan,4
53,2,16,Ruturaj Gaikwad,Rashid Khan,7
53,2,17,Suryakumar Yadav,Rashid Khan,10
53,2,18,Virat Kohli,Mohammed Siraj,11
53,2,19,Mohammed Siraj,Rashid Khan,9
53,2,20,Pat Cummins,Arshdeep Singh,10
54,1,1,Virat Kohli,Mohammed Siraj,10
54,1,2,MS Dhoni,Jasprit Bumrah,6
54,1,3,Jasprit Bumrah,Mohammed Siraj,6
54,1,4,Arshdeep Singh,Mohammed Siraj,9
54,1,5,Andre Russell,Arshdeep Singh,13
54,1,6,Jasprit Bumrah,Pat Cummins,12
54,1,7,Rishabh Pant,Mohammed Siraj,10
54,1,8,Suryakumar Yadav,Mohammed Siraj,12
54,1,9,Shreyas Iyer,Rashid Khan,5
54,1,10,Pat Cummins,Mohammed Siraj,10
54,1,11,Suryakumar Yadav,Mohammed Siraj,3
54,1,12,Rishabh Pant,Rashid Khan,7
54,1,13,Shubman Gill,Pat Cummins,12
54,1,14,Shubman Gill,Rashid Khan,7
54,1,15,Suryakumar Yadav,Rashid Khan,14
54,1,16,Ruturaj Gaikwad,Jasprit Bumrah,6
54,1,17,Arshdeep Singh,Rashid Khan,8
54,1,18,Shreyas Iyer,Mohammed Siraj,10
54,1,19,Yashasvi Jaiswal,Pat Cummins,5
54,1,20,Rohit Sharma,Mohammed Siraj,14
54,2,1,Suryakumar Yadav,Mohammed Siraj,8
54,2,2,Mohammed Siraj,Rashid Khan,10
54,2,3,Rinku Singh,Jasprit Bumrah,11
54,2,4,Travis Head,Arshdeep Singh,3
54,2,5,Rishabh Pant,Mohammed Siraj,5
54,2,6,Virat Kohli,Pat Cummins,5
54,2,7,Andre Russell,Mohammed Siraj,11
54,2,8,Rinku Singh,Pat Cummins,10
54,2,9,Suryakumar Yadav,Pat Cummins,13
54,2,10,Rishabh Pant,Mohammed Siraj,14
54,2,11,Ruturaj Gaikwad,Arshdeep Singh,14
54,2,12,Suryakumar Yadav,Pat Cummins,3
54,2,13,Rinku Singh,Jasprit Bumrah,4
54,2,14,Sanju Samson,Arshdeep Singh,9
54,2,15,MS Dhoni,Mohammed Siraj,8
54,2,16,Yashasvi Jaiswal,Pat Cummins,3
54,2,17,Sanju Samson,Mohammed Siraj,11
54,2,18,Virat Kohli,Jasprit Bumrah,6
54,2,19,Rishabh Pant,Jasprit Bumrah,11
54,2,20,Travis Head,Rashid Khan,11
55,1,1,Andre Russell,Pat Cummins,10
55,1,2,Jasprit Bumrah,Jasprit Bumrah,12
55,1,3,Pat Cummins,Arshdeep Singh,13
55,1,4,KL Rahul,Mohammed Siraj,5
55,1,5,Pat Cummins,Jasprit Bumrah,9
55,1,6,Pat Cummins,Mohammed Siraj,7
55,1,7,Rishabh Pant,Pat Cummins,7
55,1,8,Yashasvi Jaiswal,Arshdeep Singh,4
55,1,9,KL Rahul,Arshdeep Singh,14
55,1,10,Shubman Gill,Arshdeep Singh,7
55,1,11,KL Rahul,Rashid Khan,14
55,1,12,MS Dhoni,Rashid Khan,12
55,1,13,Rinku Singh,Arshdeep Singh,6
55,1,14,Andre Russell,Jasprit Bumrah,11
55,1,15,Travis Head,Jasprit Bumrah,12
55,1,16,KL Rahul,Mohammed Siraj,3
55,1,17,Shubman Gill,Pat Cummins,9
55,1,18,Arshdeep Singh,Rashid Khan,10
55,1,19,Shubman Gill,Arshdeep Singh,6
55,1,20,Mohammed Siraj,Arshdeep Singh,7
55,2,1,Rinku Singh,Pat Cummins,3
55,2,2,Rashid Khan,Pat Cummins,7
55,2,3,Rishabh Pant,Rashid Khan,14
55,2,4,Virat Kohli,Rashid Khan,3
55,2,5,Rinku Singh,Arshdeep Singh,7
55,2,6,Rinku Singh,Arshdeep Singh,4
55,2,7,Rashid Khan,Rashid Khan,5
55,2,8,Ruturaj Gaikwad,Mohammed Siraj,3
55,2,9,MS Dhoni,Pat Cummins,10
55,2,10,Pat Cummins,Pat Cummins,14
55,2,11,Arshdeep Singh,Arshdeep Singh,10
55,2,12,Rashid Khan,Jasprit Bumrah,7
55,2,13,Jasprit Bumrah,Pat Cummins,8
55,2,14,Shreyas Iyer,Rashid Khan,3
55,2,15,Rohit Sharma,Rashid Khan,12
55,2,16,Rishabh Pant,Rashid Khan,8
55,2,17,Shubman Gill,Jasprit Bumrah,8
55,2,18,Pat Cummins,Arshdeep Singh,7
55,2,19,Pat Cummins,Jasprit Bumrah,13
55,2,20,Rinku Singh,Pat Cummins,7
56,1,1,MS Dhoni,Pat Cummins,13
56,1,2,Shubman Gill,Jasprit Bumrah,6
56,1,3,Shubman Gill,Pat Cummins,12
56,1,4,Andre Russell,Mohammed Siraj,8
56,1,5,Pat Cummins,Jasprit Bumrah,7
56,1,6,Arshdeep Singh,Mohammed Siraj,11
56,1,7,Virat Kohli,Rashid Khan,5
56,1,8,Rinku Singh,Mohammed Siraj,11
56,1,9,KL Rahul,Mohammed Siraj,10
56,1,10,Ruturaj Gaikwad,Rashid Khan,5
56,1,11,Jasprit Bumrah,Rashid Khan,5
56,1,12,Mohammed Siraj,Pat Cummins,6
56,1,13,Jasprit Bumrah,Pat Cummins,14
56,1,14,Mohammed Siraj,Jasprit Bumrah,14
56,1,15,Rishabh Pant,Jasprit Bumrah,9
56,1,16,Suryakumar Yadav,Jasprit Bumrah,4
56,1,17,Pat Cummins,Mohammed Siraj,10
56,1,18,Pat Cummins,Rashid Khan,14
56,1,19,Jasprit Bumrah,Mohammed Siraj,10
56,1,20,Rinku Singh,Jasprit Bumrah,5
56,2,1,Ruturaj Gaikwad,Rashid Khan,14
56,2,2,Suryakumar Yadav,Rashid Khan,5
56,2,3,Suryakumar Yadav,Rashid Khan,7
56,2,4,MS Dhoni,Arshdeep Singh,5
56,2,5,Ruturaj Gaikwad,Jasprit Bumrah,14
56,2,6,Rashid Khan,Arshdeep Singh,3
56,2,7,Yashasvi Jaiswal,Jasprit Bumrah,3
56,2,8,Jasprit Bumrah,Pat Cummins,3
56,2,9,Rashid Khan,Jasprit Bumrah,3
56,2,10,Rohit Sharma,Jasprit Bumrah,7
56,2,11,Virat Kohli,Jasprit Bumrah,7
56,2,12,Yashasvi Jaiswal,Pat Cummins,4
56,2,13,Shubman Gill,Mohammed Siraj,6
56,2,14,MS Dhoni,Rashid Khan,3
56,2,15,Shreyas Iyer,Pat Cummins,14
56,2,16,Pat Cummins,Rashid Khan,8
56,2,17,Sanju Samson,Pat Cummins,11
56,2,18,MS Dhoni,Jasprit Bumrah,12
56,2,19,Virat Kohli,Pat Cummins,12
56,2,20,Yashasvi Jaiswal,Mohammed Siraj,6
57,1,1,Mohammed Siraj,Jasprit Bumrah,5
57,1,2,Ruturaj Gaikwad,Rashid Khan,14
57,1,3,Rashid Khan,Mohammed Siraj,11
57,1,4,Arshdeep Singh,Rashid Khan,14
57,1,5,Ruturaj Gaikwad,Rashid Khan,10
57,1,6,Travis Head,Arshdeep Singh,8
57,1,7,Jasprit Bumrah,Rashid Khan,6
57,1,8,Ruturaj Gaikwad,Mohammed Siraj,9
57,1,9,Rishabh Pant,Jasprit Bumrah,4
57,1,10,Suryakumar Yadav,Arshdeep Singh,11
57,1,11,Rinku Singh,Pat Cummins,8
57,1,12,Rohit Sharma,Jasprit Bumrah,14
57,1,13,Rashid Khan,Jasprit Bumrah,8
57,1,14,Rinku Singh,Arshdeep Singh,9
57,1,15,Rinku Singh,Arshdeep Singh,12
57,1,16,Mohammed Siraj,Arshdeep Singh,6
57,1,17,KL Rahul,Rashid Khan,7
57,1,18,Rashid Khan,Mohammed Siraj,4
57,1,19,Virat Kohli,Arshdeep Singh,5
57,1,20,Ruturaj Gaikwad,Arshdeep Singh,13
57,2,1,Jasprit Bumrah,Jasprit Bumrah,10
57,2,2,Suryakumar Yadav,Arshdeep Singh,4
57,2,3,Arshdeep Singh,Jasprit Bumrah,9
57,2,4,Shubman Gill,Jasprit Bumrah,14
57,2,5,Yashasvi Jaiswal,Mohammed Siraj,8
57,2,6,Travis Head,Jasprit Bumrah,6
57,2,7,KL Rahul,Arshdeep Singh,6
57,2,8,Arshdeep Singh,Pat Cummins,7
57,2,9,Travis Head,Mohammed Siraj,7
57,2,10,Travis Head,Arshdeep Singh,10
57,2,11,Shreyas Iyer,Rashid Khan,11
57,2,12,Ruturaj Gaikwad,Jasprit Bumrah,10
57,2,13,Rashid Khan,Arshdeep Singh,7
57,2,14,Suryakumar Yadav,Jasprit Bumrah,6
57,2,15,Rohit Sharma,Jasprit Bumrah,4
57,2,16,Virat Kohli,Rashid Khan,10
57,2,17,Andre Russell,Rashid Khan,9
57,2,18,Ruturaj Gaikwad,Jasprit Bumrah,7
57,2,19,Jasprit Bumrah,Arshdeep Singh,13
57,2,20,Yashasvi Jaiswal,Mohammed Siraj,10
58,1,1,Rashid Khan,Arshdeep Singh,13
58,1,2,Shreyas Iyer,Pat Cummins,11
58,1,3,Mohammed Siraj,Pat Cummins,8
58,1,4,Rohit Sharma,Arshdeep Singh,3
58,1,5,Travis Head,Arshdeep Singh,4
58,1,6,Travis Head,Arshdeep Singh,8
58,1,7,Rohit Sharma,Jasprit Bumrah,10
58,1,8,Mohammed Siraj,Mohammed Siraj,5
58,1,9,Shubman Gill,Arshdeep Singh,14
58,1,10,Suryakumar Yadav,Mohammed Siraj,9
58,1,11,Travis Head,Arshdeep Singh,14
58,1,12,Arshdeep Singh,Arshdeep Singh,4
58,1,13,Mohammed Siraj,Pat Cummins,13
58,1,14,Rashid Khan,Arshdeep Singh,12
58,1,15,Shubman Gill,Pat Cummins,11
58,1,16,Travis Head,Mohammed Siraj,3
58,1,17,Arshdeep Singh,Arshdeep Singh,10
58,1,18,Pat Cummins,Mohammed Siraj,12
58,1,19,Rohit Sharma,Jasprit Bumrah,8
58,1,20,Rohit Sharma,Rashid Khan,12
58,2,1,Pat Cummins,Pat Cummins,8
58,2,2,Andre Russell,Arshdeep Singh,3
58,2,3,KL Rahul,Mohammed Siraj,4
58,2,4,KL Rahul,Mohammed Siraj,8
58,2,5,Sanju Samson,Rashid Khan,3
58,2,6,Rinku Singh,Pat Cummins,6
58,2,7,MS Dhoni,Mohammed Siraj,4
58,2,8,Andre Russell,Rashid Khan,4
58,2,9,Mohammed Siraj,Mohammed Siraj,3
58,2,10,Rishabh Pant,Arshdeep Singh,3
58,2,11,Jasprit Bumrah,Arshdeep Singh,12
58,2,12,Virat Kohli,Arshdeep Singh,7
58,2,13,Virat Kohli,Mohammed Siraj,12
58,2,14,Arshdeep Singh,Arshdeep Singh,9
58,2,15,Arshdeep Singh,Jasprit Bumrah,8
58,2,16,Ruturaj Gaikwad,Rashid Khan,10
58,2,17,Rashid Khan,Pat Cummins,8
58,2,18,Andre Russell,Rashid Khan,13
58,2,19,Rinku Singh,Mohammed Siraj,12
58,2,20,Yashasvi Jaiswal,Arshdeep Singh,9
59,1,1,MS Dhoni,Pat Cummins,13
59,1,2,Rinku Singh,Mohammed Siraj,6
59,1,3,Rinku Singh,Pat Cummins,3
59,1,4,Sanju Samson,Pat Cummins,9
59,1,5,MS Dhoni,Pat Cummins,14
59,1,6,Arshdeep Singh,Mohammed Siraj,4
59,1,7,MS Dhoni,Pat Cummins,7
59,1,8,Rashid Khan,Arshdeep Singh,11
59,1,9,Pat Cummins,Jasprit Bumrah,6
59,1,10,Rinku Singh,Pat Cummins,13
59,1,11,KL Rahul,Pat Cummins,7
59,1,12,Yashasvi Jaiswal,Arshdeep Singh,8
59,1,13,Shreyas Iyer,Pat Cummins,9
59,1,14,Rishabh Pant,Pat Cummins,11
59,1,15,Virat Kohli,Pat Cummins,5
59,1,16,Arshdeep Singh,Arshdeep Singh,5
59,1,17,Rishabh Pant,Mohammed Siraj,6
59,1,18,Mohammed Siraj,Pat Cummins,13
59,1,19,Arshdeep Singh,Jasprit Bumrah,9
59,1,20,Yashasvi Jaiswal,Mohammed Siraj,11
59,2,1,Suryakumar Yadav,Rashid Khan,10
59,2,2,Rinku Singh,Arshdeep Singh,5
59,2,3,Andre Russell,Jasprit Bumrah,9
59,2,4,Yashasvi Jaiswal,Arshdeep Singh,13
59,2,5,Rinku Singh,Rashid Khan,7
59,2,6,Sanju Samson,Arshdeep Singh,7
59,2,7,Ruturaj Gaikwad,Rashid Khan,6
59,2,8,Virat Kohli,Rashid Khan,6
59,2,9,Rishabh Pant,Arshdeep Singh,7
59,2,10,KL Rahul,Arshdeep Singh,11
59,2,11,Rohit Sharma,Rashid Khan,13
59,2,12,Shreyas Iyer,Rashid Khan,5
59,2,13,Shreyas Iyer,Mohammed Siraj,3
59,2,14,Mohammed Siraj,Rashid Khan,13
59,2,15,Rohit Sharma,Arshdeep Singh,13
59,2,16,Rohit Sharma,Jasprit Bumrah,3
59,2,17,Rinku Singh,Jasprit Bumrah,8
59,2,18,Pat Cummins,Jasprit Bumrah,9
59,2,19,Suryakumar Yadav,Rashid Khan,9
59,2,20,Arshdeep Singh,Pat Cummins,4
60,1,1,Jasprit Bumrah,Pat Cummins,4
60,1,2,Shreyas Iyer,Arshdeep Singh,11
60,1,3,Sanju Samson,Pat Cummins,4
60,1,4,Andre Russell,Mohammed Siraj,4
60,1,5,Travis Head,Rashid Khan,12
60,1,6,Yashasvi Jaiswal,Rashid Khan,9
60,1,7,Shubman Gill,Rashid Khan,4
60,1,8,Rishabh Pant,Arshdeep Singh,7
60,1,9,Arshdeep Singh,Jasprit Bumrah,7
60,1,10,Mohammed Siraj,Mohammed Siraj,10
60,1,11,Ruturaj Gaikwad,Mohammed Siraj,14
60,1,12,KL Rahul,Arshdeep Singh,11
60,1,13,Sanju Samson,Mohammed Siraj,13
60,1,14,Pat Cummins,Arshdeep Singh,5
60,1,15,Pat Cummins,Mohammed Siraj,14
60,1,16,Rohit Sharma,Jasprit Bumrah,3
60,1,17,Sanju Samson,Mohammed Siraj,14
60,1,18,Travis Head,Mohammed Siraj,11
60,1,19,Pat Cummins,Jasprit Bumrah,13
60,1,20,Sanju Samson,Arshdeep Singh,11
60,2,1,Virat Kohli,Arshdeep Singh,9
60,2,2,Rinku Singh,Jasprit Bumrah,7
60,2,3,Rinku Singh,Rashid Khan,6
60,2,4,Rishabh Pant,Mohammed Siraj,5
60,2,5,KL Rahul,Jasprit Bumrah,13
60,2,6,MS Dhoni,Arshdeep Singh,7
60,2,7,KL Rahul,Mohammed Siraj,10
60,2,8,KL Rahul,Jasprit Bumrah,14
60,2,9,Shreyas Iyer,Pat Cummins,5
60,2,10,Pat Cummins,Arshdeep Singh,4
60,2,11,Mohammed Siraj,Mohammed Siraj,12
60,2,12,Virat Kohli,Jasprit Bumrah,10
60,2,13,Shubman Gill,Arshdeep Singh,13
60,2,14,Suryakumar Yadav,Jasprit Bumrah,13
60,2,15,Yashasvi Jaiswal,Mohammed Siraj,9
60,2,16,Arshdeep Singh,Jasprit Bumrah,8
60,2,17,Shubman Gill,Rashid Khan,4
60,2,18,Suryakumar Yadav,Pat Cummins,11
60,2,19,KL Rahul,Mohammed Siraj,13
60,2,20,Rashid Khan,Rashid Khan,10
61,1,1,Shubman Gill,Pat Cummins,7
61,1,2,Rinku Singh,Rashid Khan,8
61,1,3,KL Rahul,Mohammed Siraj,4
61,1,4,Travis Head,Arshdeep Singh,5
61,1,5,Sanju Samson,Jasprit Bumrah,12
61,1,6,Mohammed Siraj,Pat Cummins,3
61,1,7,Sanju Samson,Jasprit Bumrah,13
61,1,8,Yashasvi Jaiswal,Mohammed Siraj,10
61,1,9,Shubman Gill,Jasprit Bumrah,14
61,1,10,KL Rahul,Pat Cummins,9
61,1,11,Suryakumar Yadav,Jasprit Bumrah,7
61,1,12,Shubman Gill,Pat Cummins,8
61,1,13,Virat Kohli,Pat Cummins,4
61,1,14,Rishabh Pant,Arshdeep Singh,9
61,1,15,Sanju Samson,Rashid Khan,4
61,1,16,Shreyas Iyer,Mohammed Siraj,6
61,1,17,Rashid Khan,Arshdeep Singh,14
61,1,18,KL Rahul,Rashid Khan,5
61,1,19,Yashasvi Jaiswal,Mohammed Siraj,12
61,1,20,Yashasvi Jaiswal,Arshdeep Singh,14
61,2,1,KL Rahul,Rashid Khan,5
61,2,2,Rinku Singh,Mohammed Siraj,3
61,2,3,Rishabh Pant,Rashid Khan,6
61,2,4,Arshdeep Singh,Arshdeep Singh,8
61,2,5,Virat Kohli,Arshdeep Singh,4
61,2,6,Andre Russell,Arshdeep Singh,5
61,2,7,Yashasvi Jaiswal,Arshdeep Singh,13
61,2,8,KL Rahul,Pat Cummins,14
61,2,9,MS Dhoni,Jasprit Bumrah,7
61,2,10,Rohit Sharma,Jasprit Bumrah,11
61,2,11,Sanju Samson,Arshdeep Singh,8
61,2,12,Rohit Sharma,Jasprit Bumrah,8
61,2,13,Jasprit Bumrah,Pat Cummins,7
61,2,14,Rinku Singh,Arshdeep Singh,9
61,2,15,Pat Cummins,Rashid Khan,13
61,2,16,Rohit Sharma,Pat Cummins,11
61,2,17,Shreyas Iyer,Rashid Khan,5
61,2,18,Rashid Khan,Mohammed Siraj,11
61,2,19,Suryakumar Yadav,Jasprit Bumrah,10
61,2,20,Jasprit Bumrah,Arshdeep Singh,8
62,1,1,Shreyas Iyer,Jasprit Bumrah,5
62,1,2,Rohit Sharma,Rashid Khan,8
62,1,3,Shreyas Iyer,Mohammed Siraj,10
62,1,4,Rinku Singh,Mohammed Siraj,9
62,1,5,Shreyas Iyer,Pat Cummins,12
62,1,6,KL Rahul,Rashid Khan,8
62,1,7,Rashid Khan,Rashid Khan,8
62,1,8,Rishabh Pant,Jasprit Bumrah,11
62,1,9,Suryakumar Yadav,Jasprit Bumrah,6
62,1,10,Shubman Gill,Jasprit Bumrah,6
62,1,11,Shreyas Iyer,Rashid Khan,10
62,1,12,Rishabh Pant,Arshdeep Singh,14
62,1,13,Rashid Khan,Jasprit Bumrah,4
62,1,14,Pat Cummins,Pat Cummins,10
62,1,15,Rishabh Pant,Arshdeep Singh,10
62,1,16,Suryakumar Yadav,Jasprit Bumrah,4
62,1,17,MS Dhoni,Rashid Khan,8
62,1,18,Shubman Gill,Rashid Khan,7
62,1,19,Jasprit Bumrah,Mohammed Siraj,14
62,1,20,Arshdeep Singh,Rashid Khan,12
62,2,1,Virat Kohli,Pat Cummins,12
62,2,2,Shubman Gill,Arshdeep Singh,12
62,2,3,Sanju Samson,Arshdeep Singh,4
62,2,4,Ruturaj Gaikwad,Mohammed Siraj,13
62,2,5,Rinku Singh,Jasprit Bumrah,3
62,2,6,Pat Cummins,Pat Cummins,9
62,2,7,Andre Russell,Rashid Khan,4
62,2,8,MS Dhoni,Arshdeep Singh,3
62,2,9,Rashid Khan,Arshdeep Singh,14
62,2,10,Shreyas Iyer,Pat Cummins,13
62,2,11,Virat Kohli,Mohammed Siraj,13
62,2,12,Rishabh Pant,Mohammed Siraj,3
62,2,13,Arshdeep Singh,Rashid Khan,14
62,2,14,Rohit Sharma,Mohammed Siraj,6
62,2,15,Rohit Sharma,Jasprit Bumrah,8
62,2,16,Travis Head,Jasprit Bumrah,11
62,2,17,Shreyas Iyer,Rashid Khan,9
62,2,18,Travis Head,Jasprit Bumrah,6
62,2,19,Yashasvi Jaiswal,Rashid Khan,3
62,2,20,Travis Head,Mohammed Siraj,9
63,1,1,Suryakumar Yadav,Jasprit Bumrah,13
63,1,2,Rashid Khan,Arshdeep Singh,7
63,1,3,Rinku Singh,Pat Cummins,14
63,1,4,Pat Cummins,Jasprit Bumrah,5
63,1,5,Jasprit Bumrah,Rashid Khan,8
63,1,6,Rishabh Pant,Arshdeep Singh,10
63,1,7,Shreyas Iyer,Pat Cummins,10
63,1,8,KL Rahul,Jasprit Bumrah,12
63,1,9,Pat Cummins,Pat Cummins,9
63,1,10,KL Rahul,Arshdeep Singh,5
63,1,11,Rohit Sharma,Pat Cummins,4
63,1,12,Rishabh Pant,Rashid Khan,8
63,1,13,Suryakumar Yadav,Arshdeep Singh,13
63,1,14,Jasprit Bumrah,Jasprit Bumrah,11
63,1,15,Rishabh Pant,Arshdeep Singh,7
63,1,16,Rashid Khan,Mohammed Siraj,4
63,1,17,Suryakumar Yadav,Mohammed Siraj,5
63,1,18,Jasprit Bumrah,Arshdeep Singh,6
63,1,19,Arshdeep Singh,Jasprit Bumrah,7
63,1,20,MS Dhoni,Jasprit Bumrah,11
63,2,1,Ruturaj Gaikwad,Pat Cummins,11
63,2,2,KL Rahul,Jasprit Bumrah,9
63,2,3,Arshdeep Singh,Mohammed Siraj,10
63,2,4,Shreyas Iyer,Pat Cummins,8
63,2,5,Jasprit Bumrah,Jasprit Bumrah,4
63,2,6,Rishabh Pant,Rashid Khan,4
63,2,7,Travis Head,Jasprit Bumrah,5
63,2,8,KL Rahul,Mohammed Siraj,4
63,2,9,Arshdeep Singh,Arshdeep Singh,8
63,2,10,Rishabh Pant,Pat Cummins,13
63,2,11,Andre Russell,Rashid Khan,7
63,2,12,Shubman Gill,Jasprit Bumrah,6
63,2,13,Shreyas Iyer,Jasprit Bumrah,14
63,2,14,Mohammed Siraj,Jasprit Bumrah,9
63,2,15,Travis Head,Jasprit Bumrah,3
63,2,16,Shubman Gill,Arshdeep Singh,3
63,2,17,Travis Head,Pat Cummins,10
63,2,18,Rashid Khan,Mohammed Siraj,14
63,2,19,Pat Cummins,Arshdeep Singh,12
63,2,20,MS Dhoni,Rashid Khan,7
64,1,1,Virat Kohli,Rashid Khan,5
64,1,2,Virat Kohli,Rashid Khan,4
64,1,3,Yashasvi Jaiswal,Arshdeep Singh,3
64,1,4,Suryakumar Yadav,Rashid Khan,13
64,1,5,Mohammed Siraj,Rashid Khan,9
64,1,6,Rinku Singh,Arshdeep Singh,4
64,1,7,Rashid Khan,Arshdeep Singh,5
64,1,8,Ruturaj Gaikwad,Rashid Khan,3
64,1,9,Rishabh Pant,Arshdeep Singh,5
64,1,10,Virat Kohli,Arshdeep Singh,10
64,1,11,Sanju Samson,Rashid Khan,12
64,1,12,Arshdeep Singh,Arshdeep Singh,7
64,1,13,Andre Russell,Jasprit Bumrah,3
64,1,14,KL Rahul,Arshdeep Singh,4
64,1,15,Arshdeep Singh,Pat Cummins,10
64,1,16,Mohammed Siraj,Mohammed Siraj,14
64,1,17,Rashid Khan,Arshdeep Singh,3
64,1,18,Jasprit Bumrah,Pat Cummins,10
64,1,19,Rashid Khan,Rashid Khan,14
64,1,20,Rohit Sharma,Pat Cummins,14
64,2,1,KL Rahul,Pat Cummins,3
64,2,2,Mohammed Siraj,Jasprit Bumrah,8
64,2,3,KL Rahul,Arshdeep Singh,7
64,2,4,Rashid Khan,Pat Cummins,4
64,2,5,Pat Cummins,Arshdeep Singh,13
64,2,6,KL Rahul,Jasprit Bumrah,14
64,2,7,Rinku Singh,Rashid Khan,5
64,2,8,Pat Cummins,Arshdeep Singh,10
64,2,9,Jasprit Bumrah,Rashid Khan,6
64,2,10,Andre Russell,Pat Cummins,12
64,2,11,Rishabh Pant,Rashid Khan,14
64,2,12,Travis Head,Arshdeep Singh,7
64,2,13,Pat Cummins,Arshdeep Singh,13
64,2,14,Yashasvi Jaiswal,Mohammed Siraj,5
64,2,15,MS Dhoni,Arshdeep Singh,14
64,2,16,Shubman Gill,Rashid Khan,5
64,2,17,Rashid Khan,Jasprit Bumrah,5
64,2,18,Rashid Khan,Mohammed Siraj,9
64,2,19,Yashasvi Jaiswal,Pat Cummins,6
64,2,20,Virat Kohli,Mohammed Siraj,3
65,1,1,Pat Cummins,Rashid Khan,7
65,1,2,Jasprit Bumrah,Jasprit Bumrah,5
65,1,3,Andre Russell,Arshdeep Singh,4
65,1,4,Sanju Samson,Jasprit Bumrah,4
65,1,5,Sanju Samson,Arshdeep Singh,11
65,1,6,Andre Russell,Mohammed Siraj,7
65,1,7,Mohammed Siraj,Mohammed Siraj,3
65,1,8,Jasprit Bumrah,Pat Cummins,5
65,1,9,Ruturaj Gaikwad,Jasprit Bumrah,13
65,1,10,Rishabh Pant,Jasprit Bumrah,10
65,1,11,Ruturaj Gaikwad,Pat Cummins,4
65,1,12,Jasprit Bumrah,Jasprit Bumrah,3
65,1,13,Ruturaj Gaikwad,Rashid Khan,5
65,1,14,Shubman Gill,Mohammed Siraj,8
65,1,15,Rishabh Pant,Pat Cummins,14
65,1,16,Ruturaj Gaikwad,Rashid Khan,10
65,1,17,Pat Cummins,Mohammed Siraj,13
65,1,18,Ruturaj Gaikwad,Rashid Khan,5
65,1,19,KL Rahul,Jasprit Bumrah,10
65,1,20,Rashid Khan,Mohammed Siraj,6
65,2,1,Jasprit Bumrah,Rashid Khan,7
65,2,2,Shreyas Iyer,Mohammed Siraj,4
65,2,3,KL Rahul,Mohammed Siraj,14
65,2,4,Sanju Samson,Rashid Khan,13
65,2,5,KL Rahul,Rashid Khan,11
65,2,6,KL Rahul,Arshdeep Singh,5
65,2,7,Rishabh Pant,Pat Cummins,9
65,2,8,Pat Cummins,Jasprit Bumrah,13
65,2,9,Suryakumar Yadav,Jasprit Bumrah,10
65,2,10,Jasprit Bumrah,Jasprit Bumrah,14
65,2,11,Andre Russell,Mohammed Siraj,4
65,2,12,Shubman Gill,Arshdeep Singh,9
65,2,13,Travis Head,Jasprit Bumrah,3
65,2,14,Suryakumar Yadav,Pat Cummins,13
65,2,15,Jasprit Bumrah,Mohammed Siraj,3
65,2,16,Travis Head,Pat Cummins,9
65,2,17,Andre Russell,Mohammed Siraj,7
65,2,18,Shreyas Iyer,Pat Cummins,3
65,2,19,Suryakumar Yadav,Arshdeep Singh,12
65,2,20,Yashasvi Jaiswal,Pat Cummins,10
66,1,1,Rishabh Pant,Mohammed Siraj,12
66,1,2,Travis Head,Rashid Khan,13
66,1,3,MS Dhoni,Jasprit Bumrah,7
66,1,4,Andre Russell,Arshdeep Singh,11
66,1,5,Suryakumar Yadav,Pat Cummins,14
66,1,6,Rinku Singh,Rashid Khan,11
66,1,7,Jasprit Bumrah,Pat Cummins,4
66,1,8,Jasprit Bumrah,Mohammed Siraj,7
66,1,9,Shubman Gill,Jasprit Bumrah,13
66,1,10,Mohammed Siraj,Pat Cummins,3
66,1,11,Sanju Samson,Mohammed Siraj,7
66,1,12,KL Rahul,Pat Cummins,14
66,1,13,Rohit Sharma,Mohammed Siraj,4
66,1,14,Jasprit Bumrah,Mohammed Siraj,7
66,1,15,Rohit Sharma,Jasprit Bumrah,4
66,1,16,Rinku Singh,Pat Cummins,10
66,1,17,Virat Kohli,Arshdeep Singh,14
66,1,18,Sanju Samson,Pat Cummins,8
66,1,19,Mohammed Siraj,Pat Cummins,12
66,1,20,Pat Cummins,Mohammed Siraj,6
66,2,1,Arshdeep Singh,Rashid Khan,7
66,2,2,Travis Head,Pat Cummins,14
66,2,3,Sanju Samson,Jasprit Bumrah,14
66,2,4,Jasprit Bumrah,Pat Cummins,8
66,2,5,Pat Cummins,Arshdeep Singh,6
66,2,6,Suryakumar Yadav,Arshdeep Singh,4
66,2,7,MS Dhoni,Jasprit Bumrah,9
66,2,8,KL Rahul,Rashid Khan,3
66,2,9,Yashasvi Jaiswal,Arshdeep Singh,10
66,2,10,Pat Cummins,Pat Cummins,4
66,2,11,Arshdeep Singh,Pat Cummins,9
66,2,12,Travis Head,Mohammed Siraj,11
66,2,13,Rashid Khan,Arshdeep Singh,12
66,2,14,Rashid Khan,Arshdeep Singh,10
66,2,15,Suryakumar Yadav,Pat Cummins,5
66,2,16,Rashid Khan,Arshdeep Singh,5
66,2,17,Jasprit Bumrah,Pat Cummins,5
66,2,18,Yashasvi Jaiswal,Arshdeep Singh,4
66,2,19,Rohit Sharma,Rashid Khan,10
66,2,20,Pat Cummins,Jasprit Bumrah,11
67,1,1,KL Rahul,Jasprit Bumrah,12
67,1,2,Pat Cummins,Pat Cummins,4
67,1,3,Rohit Sharma,Pat Cummins,7
67,1,4,Ruturaj Gaikwad,Mohammed Siraj,5
67,1,5,Pat Cummins,Mohammed Siraj,7
67,1,6,Rashid Khan,Jasprit Bumrah,7
67,1,7,Suryakumar Yadav,Pat Cummins,5
67,1,8,Rohit Sharma,Mohammed Siraj,9
67,1,9,Yashasvi Jaiswal,Rashid Khan,7
67,1,10,Rashid Khan,Jasprit Bumrah,14
67,1,11,Mohammed Siraj,Mohammed Siraj,4
67,1,12,Rohit Sharma,Arshdeep Singh,4
67,1,13,Arshdeep Singh,Mohammed Siraj,10
67,1,14,Rishabh Pant,Mohammed Siraj,12
67,1,15,Rashid Khan,Pat Cummins,9
67,1,16,Suryakumar Yadav,Pat Cummins,5
67,1,17,Rishabh Pant,Arshdeep Singh,13
67,1,18,Rishabh Pant,Rashid Khan,13
67,1,19,Andre Russell,Jasprit Bumrah,14
67,1,20,KL Rahul,Arshdeep Singh,12
67,2,1,Travis Head,Mohammed Siraj,6
67,2,2,Rohit Sharma,Arshdeep Singh,11
67,2,3,Shreyas Iyer,Jasprit Bumrah,14
67,2,4,Virat Kohli,Pat Cummins,5
67,2,5,Rinku Singh,Pat Cummins,13
67,2,6,Ruturaj Gaikwad,Pat Cummins,13
67,2,7,Yashasvi Jaiswal,Pat Cummins,4
67,2,8,Arshdeep Singh,Jasprit Bumrah,11
67,2,9,Jasprit Bumrah,Rashid Khan,12
67,2,10,Jasprit Bumrah,Jasprit Bumrah,10
67,2,11,Mohammed Siraj,Rashid Khan,4
67,2,12,Shreyas Iyer,Rashid Khan,3
67,2,13,Arshdeep Singh,Arshdeep Singh,6
67,2,14,Mohammed Siraj,Pat Cummins,4
67,2,15,Travis Head,Pat Cummins,8
67,2,16,Rashid Khan,Jasprit Bumrah,3
67,2,17,KL Rahul,Rashid Khan,8
67,2,18,Virat Kohli,Pat Cummins,9
67,2,19,Travis Head,Mohammed Siraj,8
67,2,20,Ruturaj Gaikwad,Jasprit Bumrah,4
68,1,1,Shubman Gill,Mohammed Siraj,11
68,1,2,Shubman Gill,Mohammed Siraj,5
68,1,3,Suryakumar Yadav,Mohammed Siraj,4
68,1,4,Shubman Gill,Jasprit Bumrah,9
68,1,5,Andre Russell,Rashid Khan,12
68,1,6,Rohit Sharma,Mohammed Siraj,3
68,1,7,Ruturaj Gaikwad,Mohammed Siraj,9
68,1,8,KL Rahul,Mohammed Siraj,5
68,1,9,Travis Head,Jasprit Bumrah,7
68,1,10,Yashasvi Jaiswal,Rashid Khan,3
68,1,11,Arshdeep Singh,Rashid Khan,12
68,1,12,Jasprit Bumrah,Pat Cummins,10
68,1,13,Ruturaj Gaikwad,Mohammed Siraj,9
68,1,14,Andre Russell,Arshdeep Singh,3
68,1,15,KL Rahul,Jasprit Bumrah,11
68,1,16,Virat Kohli,Arshdeep Singh,10
68,1,17,Sanju Samson,Jasprit Bumrah,13
68,1,18,Mohammed Siraj,Pat Cummins,7
68,1,19,Ruturaj Gaikwad,Rashid Khan,13
68,1,20,Suryakumar Yadav,Mohammed Siraj,11
68,2,1,KL Rahul,Arshdeep Singh,12
68,2,2,Jasprit Bumrah,Rashid Khan,4
68,2,3,Pat Cummins,Pat Cummins,5
68,2,4,Sanju Samson,Pat Cummins,5
68,2,5,Mohammed Siraj,Arshdeep Singh,9
68,2,6,Virat Kohli,Arshdeep Singh,3
68,2,7,Rinku Singh,Rashid Khan,12
68,2,8,Rohit Sharma,Arshdeep Singh,3
68,2,9,Shreyas Iyer,Arshdeep Singh,7
68,2,10,Yashasvi Jaiswal,Pat Cummins,8
68,2,11,Rinku Singh,Jasprit Bumrah,11
68,2,12,Mohammed Siraj,Pat Cummins,5
68,2,13,Rinku Singh,Jasprit Bumrah,4
68,2,14,Ruturaj Gaikwad,Rashid Khan,9
68,2,15,Mohammed Siraj,Mohammed Siraj,14
68,2,16,Yashasvi Jaiswal,Pat Cummins,9
68,2,17,Andre Russell,Mohammed Siraj,11
68,2,18,Shreyas Iyer,Arshdeep Singh,13
68,2,19,Sanju Samson,Mohammed Siraj,7
68,2,20,Yashasvi Jaiswal,Arshdeep Singh,8
69,1,1,Andre Russell,Jasprit Bumrah,12
69,1,2,Suryakumar Yadav,Jasprit Bumrah,14
69,1,3,Rashid Khan,Jasprit Bumrah,12
69,1,4,Shubman Gill,Arshdeep Singh,3
69,1,5,Rashid Khan,Arshdeep Singh,11
69,1,6,MS Dhoni,Jasprit Bumrah,11
69,1,7,Virat Kohli,Arshdeep Singh,11
69,1,8,Ruturaj Gaikwad,Mohammed Siraj,13
69,1,9,Pat Cummins,Arshdeep Singh,9
69,1,10,Virat Kohli,Jasprit Bumrah,5
69,1,11,Pat Cummins,Rashid Khan,10
69,1,12,Virat Kohli,Rashid Khan,10
69,1,13,Virat Kohli,Mohammed Siraj,14
69,1,14,Pat Cummins,Rashid Khan,13
69,1,15,Rinku Singh,Rashid Khan,4
69,1,16,Rashid Khan,Mohammed Siraj,6
69,1,17,Shreyas Iyer,Arshdeep Singh,3
69,1,18,Yashasvi Jaiswal,Jasprit Bumrah,14
69,1,19,Travis Head,Jasprit Bumrah,6
69,1,20,Arshdeep Singh,Pat Cummins,7
69,2,1,Shubman Gill,Pat Cummins,10
69,2,2,Arshdeep Singh,Pat Cummins,6
69,2,3,Shubman Gill,Jasprit Bumrah,12
69,2,4,Suryakumar Yadav,Jasprit Bumrah,12
69,2,5,Shreyas Iyer,Pat Cummins,5
69,2,6,Jasprit Bumrah,Mohammed Siraj,6
69,2,7,Virat Kohli,Pat Cummins,6
69,2,8,Shreyas Iyer,Pat Cummins,12
69,2,9,Virat Kohli,Arshdeep Singh,10
69,2,10,Rohit Sharma,Mohammed Siraj,13
69,2,11,KL Rahul,Mohammed Siraj,9
69,2,12,Jasprit Bumrah,Arshdeep Singh,4
69,2,13,Pat Cummins,Pat Cummins,10
69,2,14,Sanju Samson,Jasprit Bumrah,3
69,2,15,KL Rahul,Pat Cummins,7
69,2,16,Andre Russell,Jasprit Bumrah,10
69,2,17,Yashasvi Jaiswal,Mohammed Siraj,9
69,2,18,Arshdeep Singh,Jasprit Bumrah,4
69,2,19,Sanju Samson,Arshdeep Singh,14
69,2,20,Sanju Samson,Rashid Khan,4
70,1,1,Andre Russell,Mohammed Siraj,5
70,1,2,Ruturaj Gaikwad,Jasprit Bumrah,4
70,1,3,KL Rahul,Jasprit Bumrah,10
70,1,4,Andre Russell,Mohammed Siraj,12
70,1,5,Ruturaj Gaikwad,Arshdeep Singh,6
70,1,6,Andre Russell,Jasprit Bumrah,6
70,1,7,Jasprit Bumrah,Rashid Khan,8
70,1,8,Rishabh Pant,Jasprit Bumrah,4
70,1,9,Rishabh Pant,Pat Cummins,13
70,1,10,MS Dhoni,Jasprit Bumrah,4
70,1,11,Travis Head,Mohammed Siraj,3
70,1,12,MS Dhoni,Rashid Khan,14
70,1,13,Rishabh Pant,Jasprit Bumrah,3
70,1,14,KL Rahul,Jasprit Bumrah,7
70,1,15,Rohit Sharma,Pat Cummins,4
70,1,16,Rinku Singh,Arshdeep Singh,3
70,1,17,Ruturaj Gaikwad,Pat Cummins,9
70,1,18,Sanju Samson,Pat Cummins,9
70,1,19,Virat Kohli,Arshdeep Singh,13
70,1,20,Rishabh Pant,Arshdeep Singh,9
70,2,1,Ruturaj Gaikwad,Mohammed Siraj,12
70,2,2,Virat Kohli,Arshdeep Singh,13
70,2,3,Andre Russell,Pat Cummins,11
70,2,4,Ruturaj Gaikwad,Jasprit Bumrah,6
70,2,5,MS Dhoni,Pat Cummins,3
70,2,6,Arshdeep Singh,Rashid Khan,6
70,2,7,Jasprit Bumrah,Mohammed Siraj,13
70,2,8,KL Rahul,Arshdeep Singh,8
70,2,9,Rishabh Pant,Rashid Khan,14
70,2,10,Suryakumar Yadav,Jasprit Bumrah,6
70,2,11,Suryakumar Yadav,Mohammed Siraj,3
70,2,12,KL Rahul,Pat Cummins,12
70,2,13,Pat Cummins,Mohammed Siraj,13
70,2,14,Mohammed Siraj,Rashid Khan,12
70,2,15,Rashid Khan,Mohammed Siraj,5
70,2,16,Andre Russell,Mohammed Siraj,12
70,2,17,Virat Kohli,Pat Cummins,8
70,2,18,Suryakumar Yadav,Jasprit Bumrah,12
70,2,19,Jasprit Bumrah,Pat Cummins,6
70,2,20,KL Rahul,Mohammed Siraj,3
71,1,1,Yashasvi Jaiswal,Rashid Khan,6
71,1,2,Andre Russell,Rashid Khan,4
71,1,3,Rashid Khan,Arshdeep Singh,13
71,1,4,Andre Russell,Pat Cummins,12
71,1,5,Andre Russell,Pat Cummins,12
71,1,6,KL Rahul,Mohammed Siraj,7
71,1,7,Ruturaj Gaikwad,Arshdeep Singh,5
71,1,8,Rashid Khan,Rashid Khan,3
71,1,9,Sanju Samson,Rashid Khan,3
71,1,10,Yashasvi Jaiswal,Rashid Khan,10
71,1,11,Andre Russell,Arshdeep Singh,10
71,1,12,Travis Head,Rashid Khan,6
71,1,13,Pat Cummins,Jasprit Bumrah,3
71,1,14,Pat Cummins,Jasprit Bumrah,4
71,1,15,Ruturaj Gaikwad,Rashid Khan,11
71,1,16,Rishabh Pant,Rashid Khan,7
71,1,17,Arshdeep Singh,Mohammed Siraj,13
71,1,18,Virat Kohli,Rashid Khan,3
71,1,19,Rinku Singh,Rashid Khan,6
71,1,20,Shreyas Iyer,Rashid Khan,6
71,2,1,Mohammed Siraj,Rashid Khan,8
71,2,2,Yashasvi Jaiswal,Jasprit Bumrah,5
71,2,3,Shreyas Iyer,Jasprit Bumrah,5
71,2,4,Suryakumar Yadav,Arshdeep Singh,3
71,2,5,Ruturaj Gaikwad,Mohammed Siraj,13
71,2,6,Rinku Singh,Arshdeep Singh,6
71,2,7,Pat Cummins,Mohammed Siraj,6
71,2,8,Shubman Gill,Pat Cummins,13
71,2,9,KL Rahul,Jasprit Bumrah,12
71,2,10,Suryakumar Yadav,Rashid Khan,4
71,2,11,Yashasvi Jaiswal,Pat Cummins,6
71,2,12,Pat Cummins,Mohammed Siraj,9
71,2,13,KL Rahul,Rashid Khan,12
71,2,14,Arshdeep Singh,Rashid Khan,3
71,2,15,Rinku Singh,Rashid Khan,11
71,2,16,Sanju Samson,Jasprit Bumrah,8
71,2,17,Shreyas Iyer,Rashid Khan,13
71,2,18,Arshdeep Singh,Arshdeep Singh,11
71,2,19,MS Dhoni,Arshdeep Singh,6
71,2,20,MS Dhoni,Rashid Khan,13
72,1,1,Travis Head,Pat Cummins,11
72,1,2,Rashid Khan,Pat Cummins,8
72,1,3,Shubman Gill,Mohammed Siraj,10
72,1,4,Pat Cummins,Pat Cummins,14
72,1,5,Rashid Khan,Arshdeep Singh,14
72,1,6,Shreyas Iyer,Pat Cummins,10
72,1,7,Arshdeep Singh,Jasprit Bumrah,9
72,1,8,Sanju Samson,Rashid Khan,6
72,1,9,Sanju Samson,Arshdeep Singh,10
72,1,10,Rinku Singh,Arshdeep Singh,6
72,1,11,Arshdeep Singh,Rashid Khan,9
72,1,12,Shreyas Iyer,Pat Cummins,8
72,1,13,Suryakumar Yadav,Jasprit Bumrah,4
72,1,14,Rishabh Pant,Pat Cummins,7
72,1,15,Sanju Samson,Pat Cummins,8
72,1,16,Rishabh Pant,Pat Cummins,3
72,1,17,Andre Russell,Arshdeep Singh,12
72,1,18,Rishabh Pant,Arshdeep Singh,10
72,1,19,Pat Cummins,Arshdeep Singh,9
72,1,20,Shreyas Iyer,Arshdeep Singh,8
72,2,1,Shubman Gill,Arshdeep Singh,3
72,2,2,Shreyas Iyer,Jasprit Bumrah,6
72,2,3,MS Dhoni,Mohammed Siraj,8
72,2,4,Jasprit Bumrah,Pat Cummins,11
72,2,5,MS Dhoni,Mohammed Siraj,13
72,2,6,Ruturaj Gaikwad,Jasprit Bumrah,6
72,2,7,Pat Cummins,Jasprit Bumrah,4
72,2,8,Yashasvi Jaiswal,Mohammed Siraj,11
72,2,9,Andre Russell,Mohammed Siraj,6
72,2,10,Shreyas Iyer,Rashid Khan,7
72,2,11,Suryakumar Yadav,Pat Cummins,14
72,2,12,Virat Kohli,Mohammed Siraj,7
72,2,13,Pat Cummins,Arshdeep Singh,7
72,2,14,Arshdeep Singh,Jasprit Bumrah,9
72,2,15,Jasprit Bumrah,Rashid Khan,10
72,2,16,Sanju Samson,Rashid Khan,9
72,2,17,Yashasvi Jaiswal,Arshdeep Singh,14
72,2,18,Jasprit Bumrah,Pat Cummins,6
72,2,19,Rishabh Pant,Arshdeep Singh,11
72,2,20,MS Dhoni,Mohammed Siraj,8
73,1,1,KL Rahul,Arshdeep Singh,6
73,1,2,Rishabh Pant,Arshdeep Singh,6
73,1,3,Virat Kohli,Mohammed Siraj,11
73,1,4,Arshdeep Singh,Rashid Khan,5
73,1,5,Virat Kohli,Arshdeep Singh,7
73,1,6,Pat Cummins,Mohammed Siraj,13
73,1,7,KL Rahul,Arshdeep Singh,6
73,1,8,Travis Head,Pat Cummins,13
73,1,9,Andre Russell,Pat Cummins,7
73,1,10,Arshdeep Singh,Jasprit Bumrah,3
73,1,11,Suryakumar Yadav,Mohammed Siraj,5
73,1,12,Arshdeep Singh,Arshdeep Singh,12
73,1,13,Yashasvi Jaiswal,Arshdeep Singh,9
73,1,14,Mohammed Siraj,Arshdeep Singh,4
73,1,15,Rashid Khan,Jasprit Bumrah,6
73,1,16,Arshdeep Singh,Arshdeep Singh,8
73,1,17,Rinku Singh,Jasprit Bumrah,13
73,1,18,Ruturaj Gaikwad,Pat Cummins,5
73,1,19,Rohit Sharma,Pat Cummins,5
73,1,20,Virat Kohli,Rashid Khan,10
73,2,1,MS Dhoni,Arshdeep Singh,6
73,2,2,Yashasvi Jaiswal,Rashid Khan,7
73,2,3,Jasprit Bumrah,Jasprit Bumrah,7
73,2,4,Rohit Sharma,Mohammed Siraj,10
73,2,5,Virat Kohli,Rashid Khan,11
73,2,6,KL Rahul,Arshdeep Singh,8
73,2,7,Ruturaj Gaikwad,Rashid Khan,5
73,2,8,KL Rahul,Arshdeep Singh,11
73,2,9,MS Dhoni,Arshdeep Singh,14
73,2,10,Suryakumar Yadav,Rashid Khan,6
73,2,11,KL Rahul,Arshdeep Singh,7
73,2,12,Arshdeep Singh,Mohammed Siraj,5
73,2,13,Yashasvi Jaiswal,Pat Cummins,12
73,2,14,Rishabh Pant,Mohammed Siraj,14
73,2,15,Virat Kohli,Rashid Khan,6
73,2,16,MS Dhoni,Arshdeep Singh,10
73,2,17,Sanju Samson,Pat Cummins,12
73,2,18,Arshdeep Singh,Arshdeep Singh,8
73,2,19,Rishabh Pant,Pat Cummins,10
73,2,20,MS Dhoni,Mohammed Siraj,3
74,1,1,Rishabh Pant,Mohammed Siraj,13
74,1,2,Rinku Singh,Arshdeep Singh,14
74,1,3,Shubman Gill,Arshdeep Singh,12
74,1,4,Shubman Gill,Pat Cummins,6
74,1,5,KL Rahul,Arshdeep Singh,14
74,1,6,Shubman Gill,Pat Cummins,9
74,1,7,Travis Head,Jasprit Bumrah,4
74,1,8,Shubman Gill,Mohammed Siraj,6
74,1,9,Mohammed Siraj,Mohammed Siraj,13
74,1,10,MS Dhoni,Rashid Khan,13
74,1,11,KL Rahul,Pat Cummins,10
74,1,12,Pat Cummins,Jasprit Bumrah,4
74,1,13,Jasprit Bumrah,Mohammed Siraj,4
74,1,14,Rishabh Pant,Rashid Khan,9
74,1,15,Yashasvi Jaiswal,Pat Cummins,7
74,1,16,Rishabh Pant,Jasprit Bumrah,3
74,1,17,Rishabh Pant,Arshdeep Singh,4
74,1,18,Travis Head,Rashid Khan,8
74,1,19,Rohit Sharma,Jasprit Bumrah,9
74,1,20,Ruturaj Gaikwad,Rashid Khan,7
74,2,1,Rishabh Pant,Arshdeep Singh,8
74,2,2,MS Dhoni,Jasprit Bumrah,10
74,2,3,Sanju Samson,Arshdeep Singh,11
74,2,4,Rashid Khan,Mohammed Siraj,5
74,2,5,Shubman Gill,Jasprit Bumrah,5
74,2,6,Ruturaj Gaikwad,Rashid Khan,12
74,2,7,Ruturaj Gaikwad,Pat Cummins,7
74,2,8,Travis Head,Rashid Khan,14
74,2,9,Virat Kohli,Mohammed Siraj,4
74,2,10,Rishabh Pant,Mohammed Siraj,5
74,2,11,Yashasvi Jaiswal,Jasprit Bumrah,5
74,2,12,Mohammed Siraj,Rashid Khan,13
74,2,13,Rohit Sharma,Pat Cummins,10
74,2,14,Ruturaj Gaikwad,Arshdeep Singh,13
74,2,15,Rinku Singh,Arshdeep Singh,14
74,2,16,Virat Kohli,Jasprit Bumrah,3
74,2,17,Yashasvi Jaiswal,Rashid Khan,9
74,2,18,Sanju Samson,Rashid Khan,8
74,2,19,Virat Kohli,Arshdeep Singh,4
74,2,20,Virat Kohli,Mohammed Siraj,3
75,1,1,MS Dhoni,Rashid Khan,6
75,1,2,Shubman Gill,Rashid Khan,4
75,1,3,KL Rahul,Pat Cummins,3
75,1,4,Andre Russell,Mohammed Siraj,4
75,1,5,Yashasvi Jaiswal,Pat Cummins,11
75,1,6,Mohammed Siraj,Arshdeep Singh,6
75,1,7,Ruturaj Gaikwad,Rashid Khan,9
75,1,8,Ruturaj Gaikwad,Mohammed Siraj,6
75,1,9,Shubman Gill,Jasprit Bumrah,8
75,1,10,Andre Russell,Jasprit Bumrah,9
75,1,11,Yashasvi Jaiswal,Arshdeep Singh,9
75,1,12,MS Dhoni,Mohammed Siraj,6
75,1,13,Pat Cummins,Jasprit Bumrah,13
75,1,14,Yashasvi Jaiswal,Arshdeep Singh,4
75,1,15,Rashid Khan,Jasprit Bumrah,7
75,1,16,Mohammed Siraj,Pat Cummins,14
75,1,17,Shreyas Iyer,Jasprit Bumrah,5
75,1,18,Andre Russell,Arshdeep Singh,12
75,1,19,Suryakumar Yadav,Mohammed Siraj,13
75,1,20,Andre Russell,Arshdeep Singh,5
75,2,1,Andre Russell,Jasprit Bumrah,4
75,2,2,Arshdeep Singh,Arshdeep Singh,12
75,2,3,Jasprit Bumrah,Rashid Khan,9
75,2,4,Arshdeep Singh,Jasprit Bumrah,11
75,2,5,Virat Kohli,Pat Cummins,6
75,2,6,Rinku Singh,Rashid Khan,4
75,2,7,KL Rahul,Rashid Khan,14
75,2,8,MS Dhoni,Jasprit Bumrah,12
75,2,9,Pat Cummins,Arshdeep Singh,5
75,2,10,Yashasvi Jaiswal,Rashid Khan,7
75,2,11,Yashasvi Jaiswal,Jasprit Bumrah,9
75,2,12,Rishabh Pant,Mohammed Siraj,6
75,2,13,Shreyas Iyer,Mohammed Siraj,5
75,2,14,Rohit Sharma,Pat Cummins,13
75,2,15,Rinku Singh,Jasprit Bumrah,9
75,2,16,Andre Russell,Mohammed Siraj,6
75,2,17,Yashasvi Jaiswal,Pat Cummins,6
75,2,18,Sanju Samson,Rashid Khan,3
75,2,19,Travis Head,Pat Cummins,12
75,2,20,Shubman Gill,Arshdeep Singh,8
76,1,1,Virat Kohli,Jasprit Bumrah,13
76,1,2,MS Dhoni,Rashid Khan,10
76,1,3,Suryakumar Yadav,Rashid Khan,3
76,1,4,MS Dhoni,Rashid Khan,5
76,1,5,Mohammed Siraj,Rashid Khan,12
76,1,6,Jasprit Bumrah,Jasprit Bumrah,6
76,1,7,Rishabh Pant,Mohammed Siraj,9
76,1,8,Yashasvi Jaiswal,Rashid Khan,5
76,1,9,Shubman Gill,Pat Cummins,9
76,1,10,Rinku Singh,Mohammed Siraj,6
76,1,11,Rishabh Pant,Rashid Khan,12
76,1,12,Rashid Khan,Jasprit Bumrah,7
76,1,13,Travis Head,Arshdeep Singh,8
76,1,14,Rashid Khan,Arshdeep Singh,5
76,1,15,Jasprit Bumrah,Pat Cummins,9
76,1,16,KL Rahul,Rashid Khan,14
76,1,17,Virat Kohli,Arshdeep Singh,10
76,1,18,MS Dhoni,Mohammed Siraj,9
76,1,19,Mohammed Siraj,Rashid Khan,12
76,1,20,Shubman Gill,Mohammed Siraj,11
76,2,1,Rishabh Pant,Mohammed Siraj,9
76,2,2,Rinku Singh,Arshdeep Singh,10
76,2,3,Rashid Khan,Jasprit Bumrah,11
76,2,4,Suryakumar Yadav,Arshdeep Singh,8
76,2,5,Suryakumar Yadav,Rashid Khan,6
76,2,6,Virat Kohli,Pat Cummins,3
76,2,7,Pat Cummins,Arshdeep Singh,14
76,2,8,KL Rahul,Arshdeep Singh,9
76,2,9,Pat Cummins,Arshdeep Singh,14
76,2,10,Rinku Singh,Pat Cummins,10
76,2,11,KL Rahul,Jasprit Bumrah,4
76,2,12,Travis Head,Pat Cummins,4
76,2,13,Yashasvi Jaiswal,Arshdeep Singh,5
76,2,14,Pat Cummins,Pat Cummins,7
76,2,15,Rashid Khan,Mohammed Siraj,14
76,2,16,Rohit Sharma,Arshdeep Singh,14
76,2,17,Sanju Samson,Rashid Khan,9
76,2,18,Rohit Sharma,Mohammed Siraj,10
76,2,19,Virat Kohli,Rashid Khan,13
76,2,20,Rishabh Pant,Rashid Khan,7
77,1,1,Sanju Samson,Pat Cummins,7
77,1,2,Shubman Gill,Jasprit Bumrah,12
77,1,3,MS Dhoni,Arshdeep Singh,4
77,1,4,Arshdeep Singh,Jasprit Bumrah,9
77,1,5,Yashasvi Jaiswal,Arshdeep Singh,11
77,1,6,KL Rahul,Mohammed Siraj,5
77,1,7,Rinku Singh,Pat Cummins,14
77,1,8,Travis Head,Pat Cummins,11
77,1,9,KL Rahul,Jasprit Bumrah,7
77,1,10,Arshdeep Singh,Mohammed Siraj,4
77,1,11,Shreyas Iyer,Rashid Khan,5
77,1,12,Travis Head,Mohammed Siraj,14
77,1,13,Shubman Gill,Arshdeep Singh,3
77,1,14,Ruturaj Gaikwad,Jasprit Bumrah,3
77,1,15,KL Rahul,Pat Cummins,14
77,1,16,Rinku Singh,Arshdeep Singh,9
77,1,17,Shubman Gill,Mohammed Siraj,5
77,1,18,Suryakumar Yadav,Rashid Khan,5
77,1,19,Shubman Gill,Pat Cummins,10
77,1,20,Rishabh Pant,Pat Cummins,4
77,2,1,Shubman Gill,Rashid Khan,6
77,2,2,Shubman Gill,Rashid Khan,3
77,2,3,KL Rahul,Arshdeep Singh,7
77,2,4,Ruturaj Gaikwad,Rashid Khan,13
77,2,5,Rinku Singh,Jasprit Bumrah,4
77,2,6,Ruturaj Gaikwad,Mohammed Siraj,9
77,2,7,Andre Russell,Jasprit Bumrah,4
77,2,8,Sanju Samson,Arshdeep Singh,12
77,2,9,Ruturaj Gaikwad,Jasprit Bumrah,10
77,2,10,Shreyas Iyer,Jasprit Bumrah,3
77,2,11,Arshdeep Singh,Jasprit Bumrah,13
77,2,12,Yashasvi Jaiswal,Pat Cummins,4
77,2,13,Travis Head,Pat Cummins,3
77,2,14,Shreyas Iyer,Arshdeep Singh,11
77,2,15,Andre Russell,Pat Cummins,10
77,2,16,Andre Russell,Mohammed Siraj,9
77,2,17,Andre Russell,Mohammed Siraj,13
77,2,18,Pat Cummins,Arshdeep Singh,6
77,2,19,Rohit Sharma,Mohammed Siraj,9
77,2,20,Ruturaj Gaikwad,Jasprit Bumrah,8
78,1,1,Travis Head,Rashid Khan,10
78,1,2,Ruturaj Gaikwad,Pat Cummins,3
78,1,3,Sanju Samson,Mohammed Siraj,7
78,1,4,Rashid Khan,Pat Cummins,10
78,1,5,Yashasvi Jaiswal,Jasprit Bumrah,9
78,1,6,Andre Russell,Jasprit Bumrah,13
78,1,7,Pat Cummins,Jasprit Bumrah,13
78,1,8,Andre Russell,Arshdeep Singh,14
78,1,9,Rashid Khan,Arshdeep Singh,6
78,1,10,MS Dhoni,Mohammed Siraj,14
78,1,11,Rashid Khan,Jasprit Bumrah,9
78,1,12,Travis Head,Mohammed Siraj,14
78,1,13,Yashasvi Jaiswal,Rashid Khan,12
78,1,14,Arshdeep Singh,Pat Cummins,11
78,1,15,Suryakumar Yadav,Arshdeep Singh,3
78,1,16,Rinku Singh,Pat Cummins,4
78,1,17,Shubman Gill,Arshdeep Singh,10
78,1,18,Rashid Khan,Pat Cummins,4
78,1,19,Sanju Samson,Rashid Khan,6
78,1,20,MS Dhoni,Jasprit Bumrah,5
78,2,1,Virat Kohli,Rashid Khan,9
78,2,2,Travis Head,Mohammed Siraj,8
78,2,3,Shreyas Iyer,Arshdeep Singh,6
78,2,4,Ruturaj Gaikwad,Rashid Khan,13
78,2,5,Rashid Khan,Jasprit Bumrah,11
78,2,6,Andre Russell,Rashid Khan,14
78,2,7,MS Dhoni,Mohammed Siraj,12
78,2,8,Travis Head,Pat Cummins,9
78,2,9,Sanju Samson,Rashid Khan,9
78,2,10,Ruturaj Gaikwad,Mohammed Siraj,7
78,2,11,Ruturaj Gaikwad,Jasprit Bumrah,4
78,2,12,Arshdeep Singh,Rashid Khan,8
78,2,13,Ruturaj Gaikwad,Pat Cummins,14
78,2,14,Suryakumar Yadav,Mohammed Siraj,8
78,2,15,Arshdeep Singh,Jasprit Bumrah,9
78,2,16,Rohit Sharma,Pat Cummins,7
78,2,17,Yashasvi Jaiswal,Arshdeep Singh,11
78,2,18,Andre Russell,Mohammed Siraj,9
78,2,19,Suryakumar Yadav,Pat Cummins,13
78,2,20,Arshdeep Singh,Rashid Khan,13
79,1,1,Travis Head,Jasprit Bumrah,4
79,1,2,Rishabh Pant,Mohammed Siraj,11
79,1,3,Rinku Singh,Rashid Khan,5
79,1,4,Rishabh Pant,Rashid Khan,10
79,1,5,Rinku Singh,Rashid Khan,12
79,1,6,Rohit Sharma,Pat Cummins,14
79,1,7,Rinku Singh,Pat Cummins,8
79,1,8,Ruturaj Gaikwad,Mohammed Siraj,14
79,1,9,Arshdeep Singh,Arshdeep Singh,14
79,1,10,Yashasvi Jaiswal,Arshdeep Singh,13
79,1,11,Travis Head,Jasprit Bumrah,7
79,1,12,Suryakumar Yadav,Rashid Khan,8
79,1,13,Sanju Samson,Jasprit Bumrah,14
79,1,14,Rashid Khan,Arshdeep Singh,5
79,1,15,Shubman Gill,Jasprit Bumrah,7
79,1,16,Travis Head,Mohammed Siraj,11
79,1,17,Rashid Khan,Mohammed Siraj,9
79,1,18,Travis Head,Jasprit Bumrah,9
79,1,19,Rinku Singh,Mohammed Siraj,11
79,1,20,Yashasvi Jaiswal,Pat Cummins,14
79,2,1,Ruturaj Gaikwad,Rashid Khan,9
79,2,2,Arshdeep Singh,Jasprit Bumrah,8
79,2,3,Rinku Singh,Arshdeep Singh,14
79,2,4,Shubman Gill,Pat Cummins,13
79,2,5,Rishabh Pant,Arshdeep Singh,5
79,2,6,Suryakumar Yadav,Rashid Khan,7
79,2,7,Yashasvi Jaiswal,Jasprit Bumrah,6
79,2,8,Arshdeep Singh,Jasprit Bumrah,8
79,2,9,Suryakumar Yadav,Arshdeep Singh,13
79,2,10,Shubman Gill,Jasprit Bumrah,9
79,2,11,Pat Cummins,Arshdeep Singh,4
79,2,12,Rohit Sharma,Jasprit Bumrah,5
79,2,13,Andre Russell,Pat Cummins,11
79,2,14,Suryakumar Yadav,Arshdeep Singh,9
79,2,15,Rohit Sharma,Jasprit Bumrah,6
79,2,16,Travis Head,Arshdeep Singh,6
79,2,17,Shubman Gill,Arshdeep Singh,7
79,2,18,MS Dhoni,Arshdeep Singh,14
79,2,19,Travis Head,Mohammed Siraj,13
79,2,20,Rishabh Pant,Mohammed Siraj,13
80,1,1,Ruturaj Gaikwad,Jasprit Bumrah,3
80,1,2,Ruturaj Gaikwad,Arshdeep Singh,4
80,1,3,Jasprit Bumrah,Rashid Khan,13
80,1,4,Arshdeep Singh,Pat Cummins,3
80,1,5,Rashid Khan,Mohammed Siraj,12
80,1,6,Ruturaj Gaikwad,Pat Cummins,14
80,1,7,Travis Head,Arshdeep Singh,5
80,1,8,KL Rahul,Mohammed Siraj,13
80,1,9,Suryakumar Yadav,Jasprit Bumrah,12
80,1,10,MS Dhoni,Pat Cummins,8
80,1,11,Travis Head,Jasprit Bumrah,5
80,1,12,Mohammed Siraj,Pat Cummins,9
80,1,13,Rashid Khan,Jasprit Bumrah,11
80,1,14,Arshdeep Singh,Pat Cummins,11
80,1,15,Ruturaj Gaikwad,Rashid Khan,14
80,1,16,Ruturaj Gaikwad,Rashid Khan,13
80,1,17,Shubman Gill,Jasprit Bumrah,12
80,1,18,Rishabh Pant,Mohammed Siraj,11
80,1,19,Rohit Sharma,Rashid Khan,4
80,1,20,Yashasvi Jaiswal,Rashid Khan,12
80,2,1,Mohammed Siraj,Mohammed Siraj,4
80,2,2,MS Dhoni,Jasprit Bumrah,3
80,2,3,Rinku Singh,Mohammed Siraj,11
80,2,4,Shubman Gill,Arshdeep Singh,11
80,2,5,Virat Kohli,Rashid Khan,13
80,2,6,Rohit Sharma,Pat Cummins,7
80,2,7,Mohammed Siraj,Arshdeep Singh,7
80,2,8,Arshdeep Singh,Arshdeep Singh,5
80,2,9,Andre Russell,Pat Cummins,14
80,2,10,Mohammed Siraj,Pat Cummins,8
80,2,11,Ruturaj Gaikwad,Jasprit Bumrah,6
80,2,12,Rohit Sharma,Rashid Khan,6
80,2,13,Rinku Singh,Rashid Khan,5
80,2,14,Mohammed Siraj,Rashid Khan,5
80,2,15,Pat Cummins,Mohammed Siraj,12
80,2,16,KL Rahul,Jasprit Bumrah,5
80,2,17,Shreyas Iyer,Mohammed Siraj,11
80,2,18,Shubman Gill,Arshdeep Singh,9
80,2,19,MS Dhoni,Mohammed Siraj,10
80,2,20,KL Rahul,Rashid Khan,13
81,1,1,Yashasvi Jaiswal,Jasprit Bumrah,11
81,1,2,Shreyas Iyer,Rashid Khan,13
81,1,3,Pat Cummins,Pat Cummins,14
81,1,4,Jasprit Bumrah,Pat Cummins,13
81,1,5,KL Rahul,Rashid Khan,5
81,1,6,KL Rahul,Arshdeep Singh,8
81,1,7,Sanju Samson,Jasprit Bumrah,3
81,1,8,Ruturaj Gaikwad,Pat Cummins,7
81,1,9,Mohammed Siraj,Arshdeep Singh,4
81,1,10,Andre Russell,Jasprit Bumrah,4
81,1,11,Andre Russell,Mohammed Siraj,8
81,1,12,Sanju Samson,Mohammed Siraj,5
81,1,13,Ruturaj Gaikwad,Arshdeep Singh,3
81,1,14,Travis Head,Jasprit Bumrah,6
81,1,15,Shubman Gill,Pat Cummins,4
81,1,16,Rinku Singh,Pat Cummins,14
81,1,17,Ruturaj Gaikwad,Pat Cummins,10
81,1,18,Arshdeep Singh,Mohammed Siraj,8
81,1,19,Shreyas Iyer,Pat Cummins,11
81,1,20,Rohit Sharma,Rashid Khan,4
81,2,1,Travis Head,Rashid Khan,8
81,2,2,Mohammed Siraj,Pat Cummins,8
81,2,3,Travis Head,Arshdeep Singh,12
81,2,4,Suryakumar Yadav,Mohammed Siraj,12
81,2,5,Jasprit Bumrah,Rashid Khan,3
81,2,6,Suryakumar Yadav,Rashid Khan,13
81,2,7,Arshdeep Singh,Mohammed Siraj,9
81,2,8,Pat Cummins,Rashid Khan,3
81,2,9,KL Rahul,Arshdeep Singh,13
81,2,10,Rishabh Pant,Mohammed Siraj,5
81,2,11,Jasprit Bumrah,Mohammed Siraj,10
81,2,12,KL Rahul,Pat Cummins,7
81,2,13,Sanju Samson,Mohammed Siraj,14
81,2,14,MS Dhoni,Mohammed Siraj,13
81,2,15,Andre Russell,Jasprit Bumrah,9
81,2,16,MS Dhoni,Jasprit Bumrah,13
81,2,17,Sanju Samson,Jasprit Bumrah,14
81,2,18,Arshdeep Singh,Jasprit Bumrah,5
81,2,19,Rinku Singh,Pat Cummins,4
81,2,20,Virat Kohli,Arshdeep Singh,10
82,1,1,Jasprit Bumrah,Rashid Khan,13
82,1,2,Rashid Khan,Pat Cummins,10
82,1,3,Mohammed Siraj,Jasprit Bumrah,13
82,1,4,Virat Kohli,Pat Cummins,9
82,1,5,Virat Kohli,Arshdeep Singh,6
82,1,6,Mohammed Siraj,Mohammed Siraj,14
82,1,7,Jasprit Bumrah,Pat Cummins,6
82,1,8,Rishabh Pant,Rashid Khan,3
82,1,9,Jasprit Bumrah,Rashid Khan,13
82,1,10,MS Dhoni,Mohammed Siraj,5
82,1,11,Jasprit Bumrah,Mohammed Siraj,5
82,1,12,KL Rahul,Arshdeep Singh,3
82,1,13,Shubman Gill,Mohammed Siraj,9
82,1,14,Andre Russell,Rashid Khan,4
82,1,15,Ruturaj Gaikwad,Mohammed Siraj,11
82,1,16,Rashid Khan,Mohammed Siraj,7
82,1,17,Yashasvi Jaiswal,Jasprit Bumrah,7
82,1,18,Arshdeep Singh,Arshdeep Singh,14
82,1,19,Rinku Singh,Pat Cummins,6
82,1,20,Rishabh Pant,Pat Cummins,3
82,2,1,Rohit Sharma,Mohammed Siraj,10
82,2,2,Rishabh Pant,Mohammed Siraj,3
82,2,3,Pat Cummins,Jasprit Bumrah,7
82,2,4,Pat Cummins,Rashid Khan,3
82,2,5,Pat Cummins,Jasprit Bumrah,9
82,2,6,KL Rahul,Arshdeep Singh,4
82,2,7,MS Dhoni,Pat Cummins,6
82,2,8,Suryakumar Yadav,Arshdeep Singh,11
82,2,9,Rashid Khan,Jasprit Bumrah,4
82,2,10,Shreyas Iyer,Rashid Khan,5
82,2,11,Travis Head,Mohammed Siraj,10
82,2,12,Pat Cummins,Arshdeep Singh,7
82,2,13,Mohammed Siraj,Mohammed Siraj,5
82,2,14,Rishabh Pant,Arshdeep Singh,4
82,2,15,Suryakumar Yadav,Mohammed Siraj,5
82,2,16,KL Rahul,Jasprit Bumrah,14
82,2,17,Yashasvi Jaiswal,Jasprit Bumrah,8
82,2,18,Rinku Singh,Jasprit Bumrah,6
82,2,19,Travis Head,Arshdeep Singh,5
82,2,20,Andre Russell,Jasprit Bumrah,14
83,1,1,Yashasvi Jaiswal,Arshdeep Singh,5
83,1,2,Shreyas Iyer,Jasprit Bumrah,13
83,1,3,Rashid Khan,Pat Cummins,9
83,1,4,Suryakumar Yadav,Mohammed Siraj,10
83,1,5,Jasprit Bumrah,Arshdeep Singh,9
83,1,6,Ruturaj Gaikwad,Jasprit Bumrah,5
83,1,7,Suryakumar Yadav,Rashid Khan,3
83,1,8,Jasprit Bumrah,Jasprit Bumrah,8
83,1,9,Sanju Samson,Jasprit Bumrah,13
83,1,10,Andre Russell,Arshdeep Singh,13
83,1,11,Virat Kohli,Arshdeep Singh,12
83,1,12,Rinku Singh,Mohammed Siraj,10
83,1,13,MS Dhoni,Arshdeep Singh,10
83,1,14,Suryakumar Yadav,Pat Cummins,6
83,1,15,Sanju Samson,Mohammed Siraj,5
83,1,16,Shreyas Iyer,Rashid Khan,4
83,1,17,KL Rahul,Rashid Khan,13
83,1,18,Ruturaj Gaikwad,Pat Cummins,10
83,1,19,Shubman Gill,Rashid Khan,12
83,1,20,Suryakumar Yadav,Rashid Khan,12
83,2,1,Suryakumar Yadav,Arshdeep Singh,4
83,2,2,Shreyas Iyer,Rashid Khan,3
83,2,3,KL Rahul,Jasprit Bumrah,5
83,2,4,Yashasvi Jaiswal,Jasprit Bumrah,12
83,2,5,Travis Head,Arshdeep Singh,3
83,2,6,Rinku Singh,Rashid Khan,11
83,2,7,Andre Russell,Arshdeep Singh,6
83,2,8,Rohit Sharma,Pat Cummins,10
83,2,9,Rohit Sharma,Mohammed Siraj,9
83,2,10,Shreyas Iyer,Mohammed Siraj,4
83,2,11,Pat Cummins,Arshdeep Singh,7
83,2,12,Andre Russell,Jasprit Bumrah,6
83,2,13,Rohit Sharma,Jasprit Bumrah,5
83,2,14,Andre Russell,Rashid Khan,3
83,2,15,Rashid Khan,Mohammed Siraj,7
83,2,16,Ruturaj Gaikwad,Arshdeep Singh,12
83,2,17,Shreyas Iyer,Arshdeep Singh,5
83,2,18,Andre Russell,Mohammed Siraj,8
83,2,19,Ruturaj Gaikwad,Jasprit Bumrah,4
83,2,20,Mohammed Siraj,Rashid Khan,13
84,1,1,Pat Cummins,Mohammed Siraj,8
84,1,2,Arshdeep Singh,Pat Cummins,14
84,1,3,Pat Cummins,Rashid Khan,12
84,1,4,Shreyas Iyer,Rashid Khan,13
84,1,5,Travis Head,Jasprit Bumrah,12
84,1,6,Suryakumar Yadav,Pat Cummins,4
84,1,7,Rohit Sharma,Pat Cummins,4
84,1,8,Yashasvi Jaiswal,Rashid Khan,13
84,1,9,Rishabh Pant,Jasprit Bumrah,14
84,1,10,Mohammed Siraj,Pat Cummins,4
84,1,11,Rinku Singh,Arshdeep Singh,8
84,1,12,Mohammed Siraj,Rashid Khan,6
84,1,13,Suryakumar Yadav,Rashid Khan,3
84,1,14,Mohammed Siraj,Mohammed Siraj,9
84,1,15,Pat Cummins,Mohammed Siraj,11
84,1,16,Ruturaj Gaikwad,Arshdeep Singh,10
84,1,17,Rashid Khan,Arshdeep Singh,4
84,1,18,Jasprit Bumrah,Jasprit Bumrah,11
84,1,19,Shreyas Iyer,Rashid Khan,5
84,1,20,Rohit Sharma,Pat Cummins,7
84,2,1,Yashasvi Jaiswal,Arshdeep Singh,3
84,2,2,Mohammed Siraj,Pat Cummins,10
84,2,3,Shubman Gill,Arshdeep Singh,4
84,2,4,Travis Head,Pat Cummins,11
84,2,5,Travis Head,Pat Cummins,9
84,2,6,Yashasvi Jaiswal,Rashid Khan,7
84,2,7,Shubman Gill,Pat Cummins,3
84,2,8,Arshdeep Singh,Jasprit Bumrah,6
84,2,9,Rishabh Pant,Pat Cummins,11
84,2,10,Jasprit Bumrah,Mohammed Siraj,14
84,2,11,Sanju Samson,Mohammed Siraj,7
84,2,12,Shreyas Iyer,Pat Cummins,14
84,2,13,Shubman Gill,Rashid Khan,4
84,2,14,Mohammed Siraj,Rashid Khan,3
84,2,15,Rohit Sharma,Rashid Khan,7
84,2,16,Suryakumar Yadav,Mohammed Siraj,7
84,2,17,Sanju Samson,Rashid Khan,3
84,2,18,Ruturaj Gaikwad,Jasprit Bumrah,11
84,2,19,Pat Cummins,Pat Cummins,13
84,2,20,Andre Russell,Jasprit Bumrah,8
85,1,1,Mohammed Siraj,Mohammed Siraj,14
85,1,2,Suryakumar Yadav,Arshdeep Singh,14
85,1,3,Rinku Singh,Mohammed Siraj,12
85,1,4,Virat Kohli,Mohammed Siraj,3
85,1,5,Shreyas Iyer,Rashid Khan,6
85,1,6,Virat Kohli,Pat Cummins,7
85,1,7,Arshdeep Singh,Jasprit Bumrah,13
85,1,8,Travis Head,Mohammed Siraj,14
85,1,9,Mohammed Siraj,Rashid Khan,13
85,1,10,Sanju Samson,Mohammed Siraj,10
85,1,11,Yashasvi Jaiswal,Pat Cummins,7
85,1,12,Travis Head,Rashid Khan,13
85,1,13,Sanju Samson,Arshdeep Singh,10
85,1,14,Suryakumar Yadav,Arshdeep Singh,8
85,1,15,Rashid Khan,Rashid Khan,4
85,1,16,Shubman Gill,Rashid Khan,10
85,1,17,Arshdeep Singh,Arshdeep Singh,6
85,1,18,Shubman Gill,Mohammed Siraj,14
85,1,19,Rinku Singh,Rashid Khan,3
85,1,20,Travis Head,Pat Cummins,5
85,2,1,MS Dhoni,Rashid Khan,6
85,2,2,KL Rahul,Rashid Khan,4
85,2,3,Travis Head,Jasprit Bumrah,10
85,2,4,Jasprit Bumrah,Rashid Khan,14
85,2,5,Virat Kohli,Pat Cummins,14
85,2,6,Travis Head,Arshdeep Singh,4
85,2,7,Ruturaj Gaikwad,Jasprit Bumrah,3
85,2,8,Rohit Sharma,Rashid Khan,13
85,2,9,MS Dhoni,Mohammed Siraj,6
85,2,10,Virat Kohli,Jasprit Bumrah,5
85,2,11,Mohammed Siraj,Mohammed Siraj,4
85,2,12,MS Dhoni,Rashid Khan,14
85,2,13,Rashid Khan,Pat Cummins,5
85,2,14,Shubman Gill,Mohammed Siraj,10
85,2,15,Rashid Khan,Rashid Khan,8
85,2,16,Rohit Sharma,Pat Cummins,6
85,2,17,Shreyas Iyer,Pat Cummins,14
85,2,18,Virat Kohli,Jasprit Bumrah,4
85,2,19,Mohammed Siraj,Mohammed Siraj,4
85,2,20,Jasprit Bumrah,Arshdeep Singh,4
86,1,1,Virat Kohli,Rashid Khan,5
86,1,2,Sanju Samson,Arshdeep Singh,3
86,1,3,Suryakumar Yadav,Mohammed Siraj,9
86,1,4,Rinku Singh,Rashid Khan,13
86,1,5,Travis Head,Jasprit Bumrah,13
86,1,6,Shubman Gill,Jasprit Bumrah,10
86,1,7,Ruturaj Gaikwad,Mohammed Siraj,6
86,1,8,MS Dhoni,Pat Cummins,8
86,1,9,Ruturaj Gaikwad,Mohammed Siraj,8
86,1,10,Rohit Sharma,Pat Cummins,4
86,1,11,Shubman Gill,Arshdeep Singh,5
86,1,12,Andre Russell,Pat Cummins,11
86,1,13,KL Rahul,Rashid Khan,5
86,1,14,Rinku Singh,Pat Cummins,13
86,1,15,Pat Cummins,Jasprit Bumrah,7
86,1,16,Rashid Khan,Mohammed Siraj,7
86,1,17,MS Dhoni,Jasprit Bumrah,7
86,1,18,Suryakumar Yadav,Mohammed Siraj,5
86,1,19,Travis Head,Arshdeep Singh,5
86,1,20,Rashid Khan,Jasprit Bumrah,14
86,2,1,Arshdeep Singh,Arshdeep Singh,4
86,2,2,Shreyas Iyer,Rashid Khan,14
86,2,3,Andre Russell,Rashid Khan,4
86,2,4,Travis Head,Mohammed Siraj,5
86,2,5,Rashid Khan,Arshdeep Singh,8
86,2,6,KL Rahul,Pat Cummins,10
86,2,7,Andre Russell,Rashid Khan,13
86,2,8,Sanju Samson,Arshdeep Singh,13
86,2,9,Mohammed Siraj,Arshdeep Singh,9
86,2,10,Mohammed Siraj,Arshdeep Singh,11
86,2,11,Mohammed Siraj,Rashid Khan,11
86,2,12,MS Dhoni,Pat Cummins,9
86,2,13,KL Rahul,Pat Cummins,14
86,2,14,Sanju Samson,Jasprit Bumrah,12
86,2,15,Pat Cummins,Jasprit Bumrah,6
86,2,16,Virat Kohli,Mohammed Siraj,6
86,2,17,Rashid Khan,Rashid Khan,11
86,2,18,Rohit Sharma,Mohammed Siraj,4
86,2,19,Suryakumar Yadav,Mohammed Siraj,8
86,2,20,Suryakumar Yadav,Pat Cummins,10
87,1,1,Sanju Samson,Rashid Khan,9
87,1,2,Rohit Sharma,Rashid Khan,6
87,1,3,Suryakumar Yadav,Arshdeep Singh,4
87,1,4,Virat Kohli,Arshdeep Singh,14
87,1,5,Rohit Sharma,Jasprit Bumrah,8
87,1,6,Arshdeep Singh,Jasprit Bumrah,13
87,1,7,Shubman Gill,Jasprit Bumrah,10
87,1,8,Pat Cummins,Rashid Khan,5
87,1,9,Sanju Samson,Jasprit Bumrah,4
87,1,10,Arshdeep Singh,Arshdeep Singh,3
87,1,11,Shubman Gill,Arshdeep Singh,5
87,1,12,Suryakumar Yadav,Pat Cummins,14
87,1,13,Rinku Singh,Arshdeep Singh,14
87,1,14,Andre Russell,Arshdeep Singh,9
87,1,15,Virat Kohli,Mohammed Siraj,13
87,1,16,Suryakumar Yadav,Jasprit Bumrah,4
87,1,17,Rohit Sharma,Pat Cummins,13
87,1,18,Jasprit Bumrah,Rashid Khan,5
87,1,19,Travis Head,Arshdeep Singh,3
87,1,20,Rishabh Pant,Pat Cummins,13
87,2,1,Shreyas Iyer,Pat Cummins,14
87,2,2,Rinku Singh,Rashid Khan,11
87,2,3,Shubman Gill,Mohammed Siraj,9
87,2,4,Jasprit Bumrah,Arshdeep Singh,4
87,2,5,Yashasvi Jaiswal,Arshdeep Singh,5
87,2,6,Rohit Sharma,Rashid Khan,12
87,2,7,Shubman Gill,Pat Cummins,9
87,2,8,MS Dhoni,Arshdeep Singh,12
87,2,9,Andre Russell,Arshdeep Singh,10
87,2,10,Shubman Gill,Jasprit Bumrah,9
87,2,11,KL Rahul,Rashid Khan,8
87,2,12,Ruturaj Gaikwad,Jasprit Bumrah,7
87,2,13,Pat Cummins,Pat Cummins,4
87,2,14,Virat Kohli,Rashid Khan,8
87,2,15,Shubman Gill,Pat Cummins,7
87,2,16,MS Dhoni,Rashid Khan,4
87,2,17,Virat Kohli,Mohammed Siraj,12
87,2,18,Mohammed Siraj,Rashid Khan,6
87,2,19,Rohit Sharma,Rashid Khan,13
87,2,20,MS Dhoni,Pat Cummins,7
88,1,1,Rohit Sharma,Pat Cummins,12
88,1,2,Rohit Sharma,Jasprit Bumrah,10
88,1,3,MS Dhoni,Mohammed Siraj,8
88,1,4,Pat Cummins,Mohammed Siraj,3
88,1,5,Jasprit Bumrah,Rashid Khan,9
88,1,6,Travis Head,Mohammed Siraj,8
88,1,7,Ruturaj Gaikwad,Mohammed Siraj,5
88,1,8,Jasprit Bumrah,Jasprit Bumrah,9
88,1,9,Suryakumar Yadav,Jasprit Bumrah,11
88,1,10,Travis Head,Arshdeep Singh,12
88,1,11,Rohit Sharma,Mohammed Siraj,12
88,1,12,Suryakumar Yadav,Arshdeep Singh,5
88,1,13,MS Dhoni,Rashid Khan,4
88,1,14,Suryakumar Yadav,Rashid Khan,6
88,1,15,Jasprit Bumrah,Pat Cummins,11
88,1,16,Jasprit Bumrah,Mohammed Siraj,13
88,1,17,Suryakumar Yadav,Mohammed Siraj,10
88,1,18,Pat Cummins,Pat Cummins,7
88,1,19,Rohit Sharma,Arshdeep Singh,9
88,1,20,Yashasvi Jaiswal,Pat Cummins,6
88,2,1,MS Dhoni,Rashid Khan,12
88,2,2,Rashid Khan,Jasprit Bumrah,12
88,2,3,Suryakumar Yadav,Mohammed Siraj,3
88,2,4,MS Dhoni,Arshdeep Singh,11
88,2,5,Rishabh Pant,Mohammed Siraj,4
88,2,6,Rinku Singh,Rashid Khan,5
88,2,7,Shreyas Iyer,Pat Cummins,4
88,2,8,Pat Cummins,Jasprit Bumrah,8
88,2,9,Shubman Gill,Arshdeep Singh,4
88,2,10,Rashid Khan,Mohammed Siraj,7
88,2,11,Suryakumar Yadav,Jasprit Bumrah,10
88,2,12,Rashid Khan,Jasprit Bumrah,12
88,2,13,Rinku Singh,Arshdeep Singh,8
88,2,14,Suryakumar Yadav,Arshdeep Singh,9
88,2,15,Jasprit Bumrah,Pat Cummins,8
88,2,16,Pat Cummins,Jasprit Bumrah,8
88,2,17,KL Rahul,Pat Cummins,13
88,2,18,Shreyas Iyer,Jasprit Bumrah,10
88,2,19,Rohit Sharma,Rashid Khan,12
88,2,20,Mohammed Siraj,Jasprit Bumrah,14
89,1,1,Ruturaj Gaikwad,Mohammed Siraj,5
89,1,2,Shubman Gill,Pat Cummins,9
89,1,3,MS Dhoni,Rashid Khan,9
89,1,4,Rishabh Pant,Jasprit Bumrah,9
89,1,5,Rishabh Pant,Arshdeep Singh,8
89,1,6,Mohammed Siraj,Arshdeep Singh,13
89,1,7,MS Dhoni,Rashid Khan,4
89,1,8,Ruturaj Gaikwad,Arshdeep Singh,14
89,1,9,Yashasvi Jaiswal,Arshdeep Singh,9
89,1,10,MS Dhoni,Mohammed Siraj,8
89,1,11,Rashid Khan,Rashid Khan,8
89,1,12,Rashid Khan,Jasprit Bumrah,14
89,1,13,Rishabh Pant,Jasprit Bumrah,7
89,1,14,Suryakumar Yadav,Arshdeep Singh,11
89,1,15,Yashasvi Jaiswal,Mohammed Siraj,5
89,1,16,Rohit Sharma,Pat Cummins,12
89,1,17,Rohit Sharma,Mohammed Siraj,9
89,1,18,Rashid Khan,Rashid Khan,9
89,1,19,Yashasvi Jaiswal,Jasprit Bumrah,3
89,1,20,KL Rahul,Mohammed Siraj,13
89,2,1,Shubman Gill,Jasprit Bumrah,7
89,2,2,MS Dhoni,Mohammed Siraj,5
89,2,3,MS Dhoni,Mohammed Siraj,9
89,2,4,Rishabh Pant,Arshdeep Singh,14
89,2,5,Yashasvi Jaiswal,Mohammed Siraj,11
89,2,6,Rohit Sharma,Jasprit Bumrah,5
89,2,7,Andre Russell,Mohammed Siraj,9
89,2,8,Yashasvi Jaiswal,Mohammed Siraj,5
89,2,9,Rashid Khan,Arshdeep Singh,9
89,2,10,Shubman Gill,Arshdeep Singh,11
89,2,11,Arshdeep Singh,Arshdeep Singh,8
89,2,12,Mohammed Siraj,Pat Cummins,3
89,2,13,MS Dhoni,Pat Cummins,6
89,2,14,Suryakumar Yadav,Mohammed Siraj,12
89,2,15,Andre Russell,Jasprit Bumrah,13
89,2,16,Rishabh Pant,Rashid Khan,5
89,2,17,Andre Russell,Jasprit Bumrah,10
89,2,18,KL Rahul,Mohammed Siraj,13
89,2,19,Virat Kohli,Arshdeep Singh,11
89,2,20,Rishabh Pant,Pat Cummins,5
90,1,1,Rohit Sharma,Rashid Khan,4
90,1,2,Yashasvi Jaiswal,Arshdeep Singh,14
90,1,3,Mohammed Siraj,Rashid Khan,14
90,1,4,Travis Head,Rashid Khan,12
90,1,5,Yashasvi Jaiswal,Rashid Khan,8
90,1,6,Arshdeep Singh,Jasprit Bumrah,13
90,1,7,Pat Cummins,Jasprit Bumrah,8
90,1,8,Rinku Singh,Pat Cummins,7
90,1,9,Rashid Khan,Arshdeep Singh,4
90,1,10,KL Rahul,Mohammed Siraj,9
90,1,11,Mohammed Siraj,Arshdeep Singh,8
90,1,12,Andre Russell,Jasprit Bumrah,11
90,1,13,Rishabh Pant,Arshdeep Singh,5
90,1,14,Shubman Gill,Pat Cummins,8
90,1,15,Shubman Gill,Pat Cummins,12
90,1,16,Travis Head,Mohammed Siraj,9
90,1,17,KL Rahul,Mohammed Siraj,13
90,1,18,Ruturaj Gaikwad,Jasprit Bumrah,14
90,1,19,MS Dhoni,Jasprit Bumrah,4
90,1,20,KL Rahul,Jasprit Bumrah,12
90,2,1,Mohammed Siraj,Jasprit Bumrah,10
90,2,2,Rishabh Pant,Pat Cummins,13
90,2,3,Rohit Sharma,Mohammed Siraj,12
90,2,4,Yashasvi Jaiswal,Rashid Khan,9
90,2,5,Mohammed Siraj,Arshdeep Singh,10
90,2,6,Yashasvi Jaiswal,Arshdeep Singh,4
90,2,7,Pat Cummins,Arshdeep Singh,4
90,2,8,Travis Head,Jasprit Bumrah,9
90,2,9,Sanju Samson,Pat Cummins,8
90,2,10,Shreyas Iyer,Mohammed Siraj,7
90,2,11,KL Rahul,Rashid Khan,7
90,2,12,KL Rahul,Jasprit Bumrah,3
90,2,13,Virat Kohli,Rashid Khan,3
90,2,14,Jasprit Bumrah,Pat Cummins,8
90,2,15,Andre Russell,Rashid Khan,8
90,2,16,KL Rahul,Rashid Khan,12
90,2,17,Travis Head,Rashid Khan,11
90,2,18,Travis Head,Jasprit Bumrah,12
90,2,19,KL Rahul,Rashid Khan,12
90,2,20,Travis Head,Rashid Khan,13
91,1,1,Andre Russell,Pat Cummins,9
91,1,2,KL Rahul,Rashid Khan,5
91,1,3,Suryakumar Yadav,Pat Cummins,4
91,1,4,Arshdeep Singh,Arshdeep Singh,4
91,1,5,Shreyas Iyer,Pat Cummins,13
91,1,6,Andre Russell,Rashid Khan,5
91,1,7,MS Dhoni,Jasprit Bumrah,4
91,1,8,Virat Kohli,Pat Cummins,9
91,1,9,Virat Kohli,Pat Cummins,5
91,1,10,Mohammed Siraj,Jasprit Bumrah,14
91,1,11,Travis Head,Jasprit Bumrah,12
91,1,12,Suryakumar Yadav,Arshdeep Singh,14
91,1,13,Pat Cummins,Rashid Khan,13
91,1,14,Sanju Samson,Mohammed Siraj,6
91,1,15,Mohammed Siraj,Rashid Khan,6
91,1,16,Travis Head,Mohammed Siraj,14
91,1,17,Rohit Sharma,Mohammed Siraj,13
91,1,18,Suryakumar Yadav,Jasprit Bumrah,4
91,1,19,Arshdeep Singh,Jasprit Bumrah,13
91,1,20,Rishabh Pant,Pat Cummins,4
91,2,1,Ruturaj Gaikwad,Rashid Khan,4
91,2,2,Shreyas Iyer,Rashid Khan,7
91,2,3,MS Dhoni,Arshdeep Singh,4
91,2,4,Yashasvi Jaiswal,Arshdeep Singh,8
91,2,5,Rashid Khan,Jasprit Bumrah,4
91,2,6,MS Dhoni,Arshdeep Singh,9
91,2,7,MS Dhoni,Rashid Khan,13
91,2,8,KL Rahul,Arshdeep Singh,13
91,2,9,Rishabh Pant,Rashid Khan,8
91,2,10,Rinku Singh,Jasprit Bumrah,5
91,2,11,Arshdeep Singh,Pat Cummins,5
91,2,12,Ruturaj Gaikwad,Mohammed Siraj,3
91,2,13,Rashid Khan,Pat Cummins,8
91,2,14,Mohammed Siraj,Jasprit Bumrah,12
91,2,15,Jasprit Bumrah,Mohammed Siraj,5
91,2,16,Yashasvi Jaiswal,Pat Cummins,4
91,2,17,Mohammed Siraj,Jasprit Bumrah,3
91,2,18,Jasprit Bumrah,Rashid Khan,11
91,2,19,Pat Cummins,Jasprit Bumrah,6
91,2,20,Virat Kohli,Mohammed Siraj,6
92,1,1,Sanju Samson,Jasprit Bumrah,5
92,1,2,Suryakumar Yadav,Mohammed Siraj,14
92,1,3,Rashid Khan,Rashid Khan,7
92,1,4,Pat Cummins,Pat Cummins,4
92,1,5,Rinku Singh,Arshdeep Singh,13
92,1,6,Rashid Khan,Arshdeep Singh,14
92,1,7,Travis Head,Rashid Khan,11
92,1,8,Shubman Gill,Rashid Khan,7
92,1,9,Shreyas Iyer,Arshdeep Singh,13
92,1,10,Arshdeep Singh,Pat Cummins,4
92,1,11,Shubman Gill,Rashid Khan,7
92,1,12,Rashid Khan,Arshdeep Singh,14
92,1,13,KL Rahul,Pat Cummins,10
92,1,14,Shreyas Iyer,Mohammed Siraj,14
92,1,15,Ruturaj Gaikwad,Pat Cummins,12
92,1,16,KL Rahul,Rashid Khan,9
92,1,17,Pat Cummins,Mohammed Siraj,12
92,1,18,MS Dhoni,Arshdeep Singh,13
92,1,19,Rohit Sharma,Pat Cummins,5
92,1,20,Arshdeep Singh,Arshdeep Singh,7
92,2,1,Jasprit Bumrah,Mohammed Siraj,7
92,2,2,Virat Kohli,Jasprit Bumrah,9
92,2,3,Andre Russell,Arshdeep Singh,5
92,2,4,Pat Cummins,Rashid Khan,5
92,2,5,Yashasvi Jaiswal,Mohammed Siraj,4
92,2,6,Suryakumar Yadav,Mohammed Siraj,8
92,2,7,Virat Kohli,Mohammed Siraj,4
92,2,8,Virat Kohli,Mohammed Siraj,14
92,2,9,Rishabh Pant,Pat Cummins,6
92,2,10,Sanju Samson,Pat Cummins,8
92,2,11,Travis Head,Mohammed Siraj,4
92,2,12,Yashasvi Jaiswal,Pat Cummins,12
92,2,13,Ruturaj Gaikwad,Pat Cummins,6
92,2,14,MS Dhoni,Pat Cummins,7
92,2,15,KL Rahul,Arshdeep Singh,13
92,2,16,Andre Russell,Rashid Khan,8
92,2,17,Rohit Sharma,Arshdeep Singh,6
92,2,18,Rohit Sharma,Mohammed Siraj,10
92,2,19,Ruturaj Gaikwad,Jasprit Bumrah,9
92,2,20,Shubman Gill,Pat Cummins,10
93,1,1,Arshdeep Singh,Arshdeep Singh,8
93,1,2,Arshdeep Singh,Jasprit Bumrah,6
93,1,3,Virat Kohli,Pat Cummins,7
93,1,4,Rishabh Pant,Mohammed Siraj,3
93,1,5,Travis Head,Jasprit Bumrah,5
93,1,6,Jasprit Bumrah,Jasprit Bumrah,11
93,1,7,Virat Kohli,Jasprit Bumrah,8
93,1,8,Ruturaj Gaikwad,Arshdeep Singh,10
93,1,9,Rinku Singh,Mohammed Siraj,14
93,1,10,Pat Cummins,Arshdeep Singh,8
93,1,11,Mohammed Siraj,Mohammed Siraj,4
93,1,12,Rohit Sharma,Arshdeep Singh,10
93,1,13,Rishabh Pant,Arshdeep Singh,7
93,1,14,Ruturaj Gaikwad,Mohammed Siraj,13
93,1,15,Ruturaj Gaikwad,Jasprit Bumrah,12
93,1,16,Rohit Sharma,Jasprit Bumrah,6
93,1,17,Ruturaj Gaikwad,Mohammed Siraj,5
93,1,18,KL Rahul,Rashid Khan,14
93,1,19,MS Dhoni,Rashid Khan,5
93,1,20,Pat Cummins,Pat Cummins,14
93,2,1,Rohit Sharma,Mohammed Siraj,3
93,2,2,Ruturaj Gaikwad,Jasprit Bumrah,3
93,2,3,MS Dhoni,Mohammed Siraj,7
93,2,4,Travis Head,Mohammed Siraj,8
93,2,5,Shubman Gill,Rashid Khan,14
93,2,6,Rishabh Pant,Jasprit Bumrah,12
93,2,7,Andre Russell,Rashid Khan,5
93,2,8,KL Rahul,Arshdeep Singh,12
93,2,9,Ruturaj Gaikwad,Pat Cummins,13
93,2,10,Sanju Samson,Pat Cummins,11
93,2,11,Rashid Khan,Mohammed Siraj,10
93,2,12,Rashid Khan,Rashid Khan,8
93,2,13,Shreyas Iyer,Mohammed Siraj,4
93,2,14,MS Dhoni,Mohammed Siraj,14
93,2,15,Sanju Samson,Rashid Khan,11
93,2,16,MS Dhoni,Jasprit Bumrah,14
93,2,17,Rohit Sharma,Rashid Khan,10
93,2,18,Yashasvi Jaiswal,Arshdeep Singh,3
93,2,19,Yashasvi Jaiswal,Arshdeep Singh,9
93,2,20,Andre Russell,Rashid Khan,4
94,1,1,Jasprit Bumrah,Pat Cummins,12
94,1,2,Rinku Singh,Arshdeep Singh,8
94,1,3,Suryakumar Yadav,Pat Cummins,13
94,1,4,Suryakumar Yadav,Rashid Khan,4
94,1,5,Travis Head,Arshdeep Singh,8
94,1,6,Jasprit Bumrah,Rashid Khan,12
94,1,7,Yashasvi Jaiswal,Jasprit Bumrah,9
94,1,8,KL Rahul,Rashid Khan,7
94,1,9,Rinku Singh,Pat Cummins,13
94,1,10,Ruturaj Gaikwad,Rashid Khan,13
94,1,11,Ruturaj Gaikwad,Jasprit Bumrah,10
94,1,12,Virat Kohli,Arshdeep Singh,6
94,1,13,Shreyas Iyer,Jasprit Bumrah,5
94,1,14,Jasprit Bumrah,Arshdeep Singh,10
94,1,15,Shreyas Iyer,Jasprit Bumrah,8
94,1,16,MS Dhoni,Mohammed Siraj,11
94,1,17,Yashasvi Jaiswal,Rashid Khan,9
94,1,18,Jasprit Bumrah,Arshdeep Singh,9
94,1,19,Andre Russell,Jasprit Bumrah,11
94,1,20,Shreyas Iyer,Mohammed Siraj,10
94,2,1,Rohit Sharma,Arshdeep Singh,4
94,2,2,KL Rahul,Rashid Khan,14
94,2,3,Yashasvi Jaiswal,Arshdeep Singh,7
94,2,4,Shreyas Iyer,Pat Cummins,5
94,2,5,Rashid Khan,Pat Cummins,12
94,2,6,Ruturaj Gaikwad,Jasprit Bumrah,9
94,2,7,Sanju Samson,Jasprit Bumrah,13
94,2,8,Ruturaj Gaikwad,Jasprit Bumrah,6
94,2,9,Arshdeep Singh,Mohammed Siraj,3
94,2,10,MS Dhoni,Pat Cummins,6
94,2,11,Shreyas Iyer,Rashid Khan,4
94,2,12,Travis Head,Arshdeep Singh,12
94,2,13,Ruturaj Gaikwad,Rashid Khan,9
94,2,14,Shreyas Iyer,Arshdeep Singh,14
94,2,15,Shubman Gill,Rashid Khan,6
94,2,16,Rinku Singh,Pat Cummins,8
94,2,17,Virat Kohli,Jasprit Bumrah,7
94,2,18,Jasprit Bumrah,Pat Cummins,5
94,2,19,Rinku Singh,Rashid Khan,10
94,2,20,Andre Russell,Jasprit Bumrah,5
95,1,1,Shubman Gill,Mohammed Siraj,5
95,1,2,Suryakumar Yadav,Jasprit Bumrah,10
95,1,3,Rashid Khan,Arshdeep Singh,13
95,1,4,Virat Kohli,Rashid Khan,8
95,1,5,MS Dhoni,Rashid Khan,7
95,1,6,Virat Kohli,Pat Cummins,13
95,1,7,Rashid Khan,Pat Cummins,8
95,1,8,Rashid Khan,Rashid Khan,3
95,1,9,Ruturaj Gaikwad,Jasprit Bumrah,10
95,1,10,Arshdeep Singh,Mohammed Siraj,3
95,1,11,Jasprit Bumrah,Pat Cummins,6
95,1,12,Suryakumar Yadav,Jasprit Bumrah,5
95,1,13,Rinku Singh,Mohammed Siraj,4
95,1,14,Rashid Khan,Mohammed Siraj,10
95,1,15,Shreyas Iyer,Arshdeep Singh,11
95,1,16,Pat Cummins,Arshdeep Singh,7
95,1,17,Pat Cummins,Mohammed Siraj,3
95,1,18,Andre Russell,Pat Cummins,14
95,1,19,Rashid Khan,Jasprit Bumrah,13
95,1,20,Jasprit Bumrah,Jasprit Bumrah,7
95,2,1,KL Rahul,Rashid Khan,5
95,2,2,Suryakumar Yadav,Mohammed Siraj,13
95,2,3,Virat Kohli,Rashid Khan,10
95,2,4,KL Rahul,Mohammed Siraj,12
95,2,5,MS Dhoni,Rashid Khan,6
95,2,6,Ruturaj Gaikwad,Mohammed Siraj,9
95,2,7,Mohammed Siraj,Arshdeep Singh,13
95,2,8,Shubman Gill,Mohammed Siraj,11
95,2,9,Pat Cummins,Mohammed Siraj,13
95,2,10,Arshdeep Singh,Arshdeep Singh,9
95,2,11,Rinku Singh,Rashid Khan,7
95,2,12,Arshdeep Singh,Pat Cummins,3
95,2,13,Andre Russell,Pat Cummins,14
95,2,14,KL Rahul,Arshdeep Singh,4
95,2,15,Pat Cummins,Mohammed Siraj,12
95,2,16,Virat Kohli,Arshdeep Singh,4
95,2,17,Suryakumar Yadav,Arshdeep Singh,13
95,2,18,Suryakumar Yadav,Pat Cummins,13
95,2,19,Mohammed Siraj,Rashid Khan,7
95,2,20,Rashid Khan,Mohammed Siraj,7
96,1,1,Rinku Singh,Jasprit Bumrah,4
96,1,2,Rohit Sharma,Rashid Khan,10
96,1,3,Arshdeep Singh,Jasprit Bumrah,7
96,1,4,Rashid Khan,Mohammed Siraj,3
96,1,5,KL Rahul,Mohammed Siraj,3
96,1,6,Virat Kohli,Jasprit Bumrah,13
96,1,7,Suryakumar Yadav,Mohammed Siraj,7
96,1,8,Jasprit Bumrah,Pat Cummins,7
96,1,9,MS Dhoni,Mohammed Siraj,5
96,1,10,Yashasvi Jaiswal,Arshdeep Singh,5
96,1,11,MS Dhoni,Mohammed Siraj,12
96,1,12,Rohit Sharma,Arshdeep Singh,6
96,1,13,Sanju Samson,Arshdeep Singh,8
96,1,14,Travis Head,Jasprit Bumrah,9
96,1,15,Rinku Singh,Pat Cummins,7
96,1,16,Shubman Gill,Pat Cummins,7
96,1,17,Andre Russell,Pat Cummins,9
96,1,18,Yashasvi Jaiswal,Mohammed Siraj,5
96,1,19,KL Rahul,Pat Cummins,5
96,1,20,Rinku Singh,Mohammed Siraj,6
96,2,1,Rinku Singh,Pat Cummins,4
96,2,2,Rishabh Pant,Pat Cummins,13
96,2,3,Travis Head,Arshdeep Singh,5
96,2,4,Suryakumar Yadav,Pat Cummins,4
96,2,5,Andre Russell,Pat Cummins,10
96,2,6,Pat Cummins,Arshdeep Singh,13
96,2,7,KL Rahul,Arshdeep Singh,8
96,2,8,KL Rahul,Arshdeep Singh,9
96,2,9,Mohammed Siraj,Jasprit Bumrah,3
96,2,10,MS Dhoni,Rashid Khan,9
96,2,11,Rinku Singh,Rashid Khan,12
96,2,12,Jasprit Bumrah,Mohammed Siraj,12
96,2,13,Mohammed Siraj,Pat Cummins,5
96,2,14,Rohit Sharma,Arshdeep Singh,7
96,2,15,Travis Head,Jasprit Bumrah,5
96,2,16,Jasprit Bumrah,Arshdeep Singh,10
96,2,17,MS Dhoni,Jasprit Bumrah,3
96,2,18,Ruturaj Gaikwad,Mohammed Siraj,7
96,2,19,Ruturaj Gaikwad,Mohammed Siraj,12
96,2,20,Rashid Khan,Mohammed Siraj,12
97,1,1,Ruturaj Gaikwad,Pat Cummins,3
97,1,2,Jasprit Bumrah,Jasprit Bumrah,13
97,1,3,Yashasvi Jaiswal,Pat Cummins,14
97,1,4,Mohammed Siraj,Arshdeep Singh,5
97,1,5,Sanju Samson,Rashid Khan,5
97,1,6,Rinku Singh,Jasprit Bumrah,7
97,1,7,Yashasvi Jaiswal,Jasprit Bumrah,10
97,1,8,Virat Kohli,Rashid Khan,4
97,1,9,Ruturaj Gaikwad,Pat Cummins,12
97,1,10,Sanju Samson,Rashid Khan,4
97,1,11,Rashid Khan,Jasprit Bumrah,4
97,1,12,Rishabh Pant,Arshdeep Singh,11
97,1,13,Ruturaj Gaikwad,Mohammed Siraj,3
97,1,14,Rashid Khan,Rashid Khan,9
97,1,15,Mohammed Siraj,Mohammed Siraj,6
97,1,16,Rishabh Pant,Pat Cummins,12
97,1,17,KL Rahul,Rashid Khan,4
97,1,18,Virat Kohli,Rashid Khan,13
97,1,19,Sanju Samson,Rashid Khan,5
97,1,20,Mohammed Siraj,Rashid Khan,11
97,2,1,Rashid Khan,Mohammed Siraj,10
97,2,2,Ruturaj Gaikwad,Pat Cummins,7
97,2,3,Pat Cummins,Mohammed Siraj,10
97,2,4,Travis Head,Jasprit Bumrah,9
97,2,5,KL Rahul,Arshdeep Singh,10
97,2,6,Virat Kohli,Mohammed Siraj,5
97,2,7,Ruturaj Gaikwad,Pat Cummins,10
97,2,8,Virat Kohli,Pat Cummins,9
97,2,9,Rohit Sharma,Pat Cummins,7
97,2,10,Rohit Sharma,Mohammed Siraj,10
97,2,11,Rishabh Pant,Arshdeep Singh,5
97,2,12,Virat Kohli,Rashid Khan,7
97,2,13,Jasprit Bumrah,Pat Cummins,8
97,2,14,Pat Cummins,Pat Cummins,6
97,2,15,Jasprit Bumrah,Jasprit Bumrah,9
97,2,16,Suryakumar Yadav,Mohammed Siraj,5
97,2,17,Arshdeep Singh,Mohammed Siraj,13
97,2,18,Suryakumar Yadav,Mohammed Siraj,10
97,2,19,Rinku Singh,Arshdeep Singh,13
97,2,20,Rashid Khan,Arshdeep Singh,4
98,1,1,Shubman Gill,Pat Cummins,10
98,1,2,Jasprit Bumrah,Pat Cummins,14
98,1,3,Suryakumar Yadav,Mohammed Siraj,7
98,1,4,Arshdeep Singh,Mohammed Siraj,12
98,1,5,Travis Head,Jasprit Bumrah,12
98,1,6,Virat Kohli,Rashid Khan,3
98,1,7,Ruturaj Gaikwad,Jasprit Bumrah,6
98,1,8,Rashid Khan,Mohammed Siraj,10
98,1,9,Sanju Samson,Jasprit Bumrah,6
98,1,10,Travis Head,Arshdeep Singh,5
98,1,11,Rohit Sharma,Pat Cummins,4
98,1,12,Ruturaj Gaikwad,Jasprit Bumrah,7
98,1,13,MS Dhoni,Arshdeep Singh,14
98,1,14,Virat Kohli,Rashid Khan,8
98,1,15,Ruturaj Gaikwad,Arshdeep Singh,8
98,1,16,Suryakumar Yadav,Pat Cummins,9
98,1,17,Yashasvi Jaiswal,Rashid Khan,11
98,1,18,Rashid Khan,Arshdeep Singh,7
98,1,19,Rinku Singh,Rashid Khan,13
98,1,20,Shubman Gill,Arshdeep Singh,6
98,2,1,Yashasvi Jaiswal,Jasprit Bumrah,11
98,2,2,Virat Kohli,Jasprit Bumrah,12
98,2,3,Rohit Sharma,Rashid Khan,6
98,2,4,Pat Cummins,Arshdeep Singh,3
98,2,5,Mohammed Siraj,Jasprit Bumrah,12
98,2,6,Shubman Gill,Pat Cummins,8
98,2,7,Yashasvi Jaiswal,Rashid Khan,10
98,2,8,Rashid Khan,Pat Cummins,12
98,2,9,Pat Cummins,Pat Cummins,8
98,2,10,Suryakumar Yadav,Jasprit Bumrah,11
98,2,11,KL Rahul,Arshdeep Singh,10
98,2,12,Arshdeep Singh,Jasprit Bumrah,4
98,2,13,Jasprit Bumrah,Mohammed Siraj,5
98,2,14,Ruturaj Gaikwad,Arshdeep Singh,4
98,2,15,Rohit Sharma,Pat Cummins,6
98,2,16,Andre Russell,Jasprit Bumrah,11
98,2,17,Rinku Singh,Mohammed Siraj,6
98,2,18,Pat Cummins,Jasprit Bumrah,9
98,2,19,Rinku Singh,Jasprit Bumrah,5
98,2,20,Arshdeep Singh,Rashid Khan,11
99,1,1,Jasprit Bumrah,Mohammed Siraj,11
99,1,2,Rohit Sharma,Pat Cummins,9
99,1,3,Ruturaj Gaikwad,Pat Cummins,14
99,1,4,Shreyas Iyer,Jasprit Bumrah,10
99,1,5,Andre Russell,Arshdeep Singh,3
99,1,6,Yashasvi Jaiswal,Mohammed Siraj,7
99,1,7,Suryakumar Yadav,Rashid Khan,3
99,1,8,Andre Russell,Jasprit Bumrah,11
99,1,9,Rashid Khan,Jasprit Bumrah,6
99,1,10,Rohit Sharma,Mohammed Siraj,12
99,1,11,KL Rahul,Pat Cummins,4
99,1,12,MS Dhoni,Pat Cummins,14
99,1,13,Suryakumar Yadav,Mohammed Siraj,10
99,1,14,Rohit Sharma,Jasprit Bumrah,14
99,1,15,Rashid Khan,Pat Cummins,3
99,1,16,Pat Cummins,Arshdeep Singh,6
99,1,17,Rinku Singh,Rashid Khan,10
99,1,18,Rohit Sharma,Jasprit Bumrah,3
99,1,19,Mohammed Siraj,Pat Cummins,6
99,1,20,Virat Kohli,Pat Cummins,9
99,2,1,Rohit Sharma,Arshdeep Singh,10
99,2,2,Suryakumar Yadav,Arshdeep Singh,9
99,2,3,KL Rahul,Pat Cummins,14
99,2,4,Ruturaj Gaikwad,Arshdeep Singh,5
99,2,5,Pat Cummins,Mohammed Siraj,4
99,2,6,Andre Russell,Arshdeep Singh,6
99,2,7,Sanju Samson,Rashid Khan,3
99,2,8,Arshdeep Singh,Jasprit Bumrah,4
99,2,9,KL Rahul,Pat Cummins,6
99,2,10,Rohit Sharma,Jasprit Bumrah,12
99,2,11,Sanju Samson,Jasprit Bumrah,14
99,2,12,Rohit Sharma,Rashid Khan,4
99,2,13,Shubman Gill,Mohammed Siraj,10
99,2,14,Andre Russell,Mohammed Siraj,3
99,2,15,Sanju Samson,Mohammed Siraj,12
99,2,16,Travis Head,Arshdeep Singh,5
99,2,17,Ruturaj Gaikwad,Jasprit Bumrah,13
99,2,18,Shreyas Iyer,Pat Cummins,4
99,2,19,Rashid Khan,Mohammed Siraj,6
99,2,20,Rishabh Pant,Mohammed Siraj,6
100,1,1,Mohammed Siraj,Mohammed Siraj,8
100,1,2,Sanju Samson,Pat Cummins,13
100,1,3,Andre Russell,Pat Cummins,7
100,1,4,Ruturaj Gaikwad,Jasprit Bumrah,11
100,1,5,KL Rahul,Pat Cummins,8
100,1,6,Shreyas Iyer,Jasprit Bumrah,10
100,1,7,Suryakumar Yadav,Pat Cummins,6
100,1,8,Rinku Singh,Pat Cummins,6
100,1,9,Ruturaj Gaikwad,Mohammed Siraj,6
100,1,10,Suryakumar Yadav,Jasprit Bumrah,14
100,1,11,Rishabh Pant,Arshdeep Singh,6
100,1,12,Virat Kohli,Arshdeep Singh,4
100,1,13,Shreyas Iyer,Mohammed Siraj,3
100,1,14,Travis Head,Mohammed Siraj,12
100,1,15,Rohit Sharma,Mohammed Siraj,4
100,1,16,Travis Head,Arshdeep Singh,12
100,1,17,Travis Head,Arshdeep Singh,3
100,1,18,Rohit Sharma,Rashid Khan,10
100,1,19,Travis Head,Rashid Khan,6
100,1,20,KL Rahul,Pat Cummins,13
100,2,1,Rinku Singh,Jasprit Bumrah,3
100,2,2,Pat Cummins,Jasprit Bumrah,11
100,2,3,Andre Russell,Mohammed Siraj,12
100,2,4,Yashasvi Jaiswal,Jasprit Bumrah,12
100,2,5,KL Rahul,Arshdeep Singh,8
100,2,6,Rohit Sharma,Jasprit Bumrah,14
100,2,7,Travis Head,Mohammed Siraj,11
100,2,8,Rishabh Pant,Arshdeep Singh,11
100,2,9,Arshdeep Singh,Pat Cummins,12
100,2,10,Shubman Gill,Arshdeep Singh,7
100,2,11,Sanju Samson,Rashid Khan,10
100,2,12,Shreyas Iyer,Mohammed Siraj,3
100,2,13,Sanju Samson,Pat Cummins,4
100,2,14,Andre Russell,Pat Cummins,7
100,2,15,Rohit Sharma,Pat Cummins,9
100,2,16,Pat Cummins,Mohammed Siraj,7
100,2,17,Shreyas Iyer,Pat Cummins,13
100,2,18,Ruturaj Gaikwad,Mohammed Siraj,3
100,2,19,Andre Russell,Mohammed Siraj,12
100,2,20,Rishabh Pant,Arshdeep Singh,5
